순번,시도본부,소방서,119안전센터명,주소,전화번호
1,서울소방재난본부,종로소방서,세종로,서울특별시 종로구 종로1길 28 (수송동),02-734-0119
2,서울소방재난본부,종로소방서,신교,서울특별시 종로구 자하문로 93 (신교동),02-736-0119
3,서울소방재난본부,종로소방서,종로,서울특별시 종로구 돈화문로 30 (묘동),02-764-0119
4,서울소방재난본부,종로소방서,연건,서울특별시 종로구 대학로 91 (연건동),02-762-0119
5,서울소방재난본부,종로소방서,신영,서울특별시 종로구 진흥로 477 (신영동),02-391-0119
6,서울소방재난본부,종로소방서,숭인,서울특별시 종로구 숭인동길 63 (숭인동),02-929-0921
7,서울소방재난본부,중부소방서_서울,무학,서울특별시 중구 퇴계로 394 (무학동),02-2252-3311
8,서울소방재난본부,중부소방서_서울,을지로,서울특별시 중구 을지로45길 43 (신당동),02-2235-0119
9,서울소방재난본부,중부소방서_서울,충무로,서울특별시 중구 충무로 11 (충무로3가),02-2265-0119
10,서울소방재난본부,중부소방서_서울,회현,서울특별시 중구 소공로 30 (회현동2가),02-775-0119
11,서울소방재난본부,중부소방서_서울,신당,서울특별시 중구 다산로8길 2 (신당동),02-2238-0698
12,서울소방재난본부,광진소방서,구의,서울특별시 광진구 광나루로 480 (구의동),02-447-1194
13,서울소방재난본부,광진소방서,능동,서울특별시 광진구 능동로 242 (능동),02-447-0119
14,서울소방재난본부,광진소방서,중곡,서울특별시 광진구 용마산로 150 (중곡동),02-453-2119
15,서울소방재난본부,성동소방서,행당(구 송정),서울특별시 성동구 살곶이길 331(행당동),02-2622-1605
16,서울소방재난본부,성동소방서,왕십리(구 행당),서울특별시 성동구 고산자로 249 (도선동),02-2622-1761
17,서울소방재난본부,성동소방서,성동_금호,서울특별시 성동구 난계로 19 (금호동1가),02-2622-1771
18,서울소방재난본부,성동소방서,성수,서울특별시 성동구 뚝섬로 452 (성수동2가),02-2622-1751
19,서울소방재난본부,용산소방서,한강로,서울특별시 용산구 한강대로 167 (한강로2가),02-793-0119
20,서울소방재난본부,용산소방서,이태원,서울특별시 용산구 이태원로 196 (이태원동),02-798-0119
21,서울소방재난본부,용산소방서,후암,서울특별시 용산구 후암로 34 (후암동),02-754-0119
22,서울소방재난본부,용산소방서,이촌,서울특별시 용산구 이촌로2가 1 (이촌동),02-712-0119
23,서울소방재난본부,용산소방서,서빙고,서울특별시 용산구 서빙고로67길 7(서빙고동),02-795-7119
24,서울소방재난본부,동대문소방서,동대문_장안,서울특별시 동대문구 장한로 34 (장안동),02-2245-0119
25,서울소방재난본부,동대문소방서,청량리,서울특별시 동대문구 왕산로 299 (청량리동),02-962-0119
26,서울소방재난본부,동대문소방서,전농,서울특별시 동대문구 황물로 3 (전농동),02-2215-0119
27,서울소방재난본부,동대문소방서,용두,서울특별시 동대문구 왕산로 76 (용두동),02-928-0119
28,서울소방재난본부,동대문소방서,휘경,서울특별시 동대문구 망우로 106 (휘경동),02-2213-0119
29,서울소방재난본부,중랑소방서,신내,서울특별시 중랑구 신내로 183 (신내동),02-3422-1196
30,서울소방재난본부,중랑소방서,면목,서울특별시 중랑구 동일로 475 (면목동),02-491-5119
31,서울소방재난본부,중랑소방서,망우,서울특별시 중랑구 용마산로 524 (망우동),02-493-7119
32,서울소방재난본부,중랑소방서,중화,서울특별시 중랑구 동일로 783 (중화동),02-496-1191
33,서울소방재난본부,영등포소방서,영등포,서울특별시 영등포구 문래로 197 (영등포동4가),02-2676-0119
34,서울소방재난본부,영등포소방서,여의도,서울특별시 영등포구 의사당대로 162 (여의도동),02-783-0119
35,서울소방재난본부,영등포소방서,당산,서울특별시 영등포구 양평로 70-1 (당산동6가),02-2633-0119
36,서울소방재난본부,영등포소방서,대림,서울특별시 영등포구 도림로 212 (신길동),02-846-0119
37,서울소방재난본부,영등포소방서,신길,서울특별시 영등포구 영등포로84길 31 (신길동),02-834-0119
38,서울소방재난본부,성북소방서,종암,서울특별시 성북구 종암로27길 3 (종암동),02-925-1119
39,서울소방재난본부,성북소방서,돈암,서울특별시 성북구 보문로 192 (삼선동4가),02-925-1158
40,서울소방재난본부,성북소방서,길음,서울특별시 성북구 정릉로 321 (길음동),02-987-0272
41,서울소방재난본부,성북소방서,장위,서울특별시 성북구 한천로 640 (장위동),02-917-0344
42,서울소방재난본부,도봉소방서,방학,서울특별시 도봉구 도봉로 666 (방학동),02-3492-9113
43,서울소방재난본부,도봉소방서,도봉,서울특별시 도봉구 도봉로 721 (방학동),02-3492-0119
44,서울소방재난본부,도봉소방서,창동,서울특별시 도봉구 해등로 25 (창동),02-998-9117
45,서울소방재난본부,도봉소방서,쌍문,서울특별시 도봉구 노해로 152 (쌍문동),02-996-0119
46,서울소방재난본부,노원소방서,하계,서울특별시 노원구 한글비석로1길 8 (하계동),02-972-1119
47,서울소방재난본부,노원소방서,상계,서울특별시 노원구 노원로26길 111 (상계동),02-936-0119
48,서울소방재난본부,노원소방서,공릉,서울특별시 노원구 화랑로 482 (공릉동),02-976-0119
49,서울소방재난본부,노원소방서,월계,서울특별시 노원구 월계로 323 (월계동),02-907-0119
50,서울소방재난본부,노원소방서,수락,서울특별시 노원구 동일로 1694 (상계동),02-937-6119
51,서울소방재난본부,은평소방서,진관,서울특별시 은평구 통일로 962(진관동),02-354-0119
52,서울소방재난본부,은평소방서,녹번,서울특별시 은평구 은평로 245 (녹번동),02-387-0119
53,서울소방재난본부,은평소방서,역촌,서울특별시 은평구 갈현로 80 (역촌동),02-352-2119
54,서울소방재난본부,은평소방서,수색,서울특별시 은평구 수색로 294 (수색동),02-376-0119
55,서울소방재난본부,서대문소방서,서대문_연희,서울특별시 서대문구 연희로 182 (연희동),02-336-0119
56,서울소방재난본부,서대문소방서,북가좌,서울특별시 서대문구 증가로 242 (북가좌동),02-372-0119
57,서울소방재난본부,서대문소방서,홍은,서울특별시 서대문구 홍은중앙로 83 (홍은동),02-379-9119
58,서울소방재난본부,서대문소방서,미근,서울특별시 서대문구 통일로 113 (미근동),02-3147-0119
59,서울소방재난본부,마포소방서,신수,서울특별시 마포구 창전로 76 (신수동),02-716--9121
60,서울소방재난본부,마포소방서,염리,서울특별시 마포구 토정로 37길 27 (염리동),02-713-0965
61,서울소방재난본부,마포소방서,서교,서울특별시 마포구 양화로 60 (서교동),02-3143-2119
62,서울소방재난본부,마포소방서,마포_성산,서울특별시 마포구 월드컵북로 240 (성산동),02-304-0119
63,서울소방재난본부,마포소방서,공덕,서울특별시 마포구 만리재옛길 82 (공덕동),02-3274-0976
64,서울소방재난본부,마포소방서,상암,서울특별시 마포구 월드컵북로 42길 34 (상암동),02-309-5119
65,서울소방재난본부,강남소방서,강남_삼성,서울특별시 강남구 테헤란로 629 (삼성동),02-567-0119
66,서울소방재난본부,강남소방서,영동,서울특별시 강남구 도산대로 320 (논현동),02-517-5119
67,서울소방재난본부,강남소방서,역삼,서울특별시 강남구 역삼로 236 (역삼동),02-557-0109
68,서울소방재난본부,강남소방서,수서,서울특별시 강남구 광평로31길 6 (수서동),02-445-9019
69,서울소방재난본부,강남소방서,개포,서울특별시 강남구 논현로 10길 19 (개포동),02-577-2540
70,서울소방재난본부,서초소방서,반포,서울특별시 서초구 사평대로 67 (반포동),02-534-0119
71,서울소방재난본부,서초소방서,방배,서울특별시 서초구 남부순환로 2155 (방배동),02-582-0119
72,서울소방재난본부,서초소방서,양재,서울특별시 서초구 동산로 9 (양재동),02-572-5523
73,서울소방재난본부,서초소방서,서초,서울특별시 서초구 효령로 400 (서초동),02-3473-0119
74,서울소방재난본부,서초소방서,잠원,서울특별시 서초구 서초중앙로29길 6 (반포동),02-532-7119
75,서울소방재난본부,서초소방서,우면,서울특별시 서초구 남부순환로340길 49 (서초동),02-522-6119
76,서울소방재난본부,관악소방서,관악,서울특별시 관악구 관악로 97 (봉천동),02-874-7119
77,서울소방재난본부,관악소방서,봉천,서울특별시 관악구 은천로 54 (봉천동),02-886-0119
78,서울소방재난본부,관악소방서,관악_신림,서울특별시 관악구 봉천로 202 (신림동),02-874-0119
79,서울소방재난본부,관악소방서,난곡,서울특별시 관악구 난곡로 243 (신림동),02-859-0119
80,서울소방재난본부,동작소방서,동작,서울특별시 동작구 여의대방로16길 55(신대방동),02-848-1088
81,서울소방재난본부,동작소방서,노량진,서울특별시 동작구 노량진로 187 (노량진동),02-813-0119
82,서울소방재난본부,동작소방서,상도,서울특별시 동작구 국사봉1길 17 (상도동),02-821-1119
83,서울소방재난본부,동작소방서,동작_백운,서울특별시 동작구 사당로 63 (상도동),02-817-0119
84,서울소방재난본부,강서소방서_서울,등촌,서울특별시 강서구 양천로 550 (등촌동),02-3662-9119
85,서울소방재난본부,강서소방서_서울,화곡,서울특별시 강서구 까치산로 49 (화곡동),02-2602-0119
86,서울소방재난본부,강서소방서_서울,발산,서울특별시 강서구 강서로 329 (내발산동),02-2663-0119
87,서울소방재난본부,강서소방서_서울,방화,서울특별시 강서구 금낭화로26길 10 (방화동),02-2665-3115
88,서울소방재난본부,강서소방서_서울,개화,서울특별시 강서구 개화동로19길 8 (개화동),02-2662-7119
89,서울소방재난본부,양천소방서,양천,서울특별시 양천구 목동서로 180 (목동),02-2643-4119
90,서울소방재난본부,양천소방서,양천_신정,서울특별시 양천구 신월로 268 (신정동),02-2603-0119
91,서울소방재난본부,양천소방서,목동,서울특별시 양천구 안양천로 1139 (목동),02-2249-0119
92,서울소방재난본부,양천소방서,양천_신월,서울특별시 양천구 남부순환로 448 (신월동),02-2691-4119
93,서울소방재난본부,양천소방서,신트리,서울특별시 양천구 신정로 238 (신정동),02-2691-1113
94,서울소방재난본부,강동소방서,성내,서울특별시 강동구 성내로 39 (성내동),02-470-1720
95,서울소방재난본부,강동소방서,천호,서울특별시 강동구 진황도로 37 (천호동),02-474-1721
96,서울소방재난본부,강동소방서,강동_고덕,서울특별시 강동구 양재대로156길 133 (고덕동),02-426-0431
97,서울소방재난본부,강동소방서,암사,서울특별시 강동구 올림픽로 815 (암사동),02-429-0427
98,서울소방재난본부,강동소방서,길동,서울특별시 강동구 천중로 215 (길동),02-487-6119
99,서울소방재난본부,송파소방서,마천,서울특별시 송파구 오금로51길 56 (마천동),02-3401-2119
100,서울소방재난본부,송파소방서,거여,서울특별시 송파구 마천로 329 (마천동),02-400-0119
101,서울소방재난본부,송파소방서,방이,서울특별시 송파구 강동대로 286 (방이동),02-409-0059
102,서울소방재난본부,송파소방서,잠실,서울특별시 송파구 석촌호수로 151 (잠실동),02-422-0119
103,서울소방재난본부,송파소방서,운동장,서울특별시 송파구 올림픽로 25 (잠실동),02-2203-2380
104,서울소방재난본부,송파소방서,가락,서울특별시 송파구 양재대로 932 (가락동),02-409-0045
105,서울소방재난본부,구로소방서,고일,서울특별시 구로구 경인로 408 (고척동),02-2619-0119
106,서울소방재난본부,구로소방서,수궁,서울특별시 구로구 오리로 1285 (궁동),02-2685-6119
107,서울소방재난본부,구로소방서,고척,서울특별시 구로구 고척로 195 (고척동),02-2618-3104
108,서울소방재난본부,구로소방서,구로,서울특별시 구로구 구로동로 175 (구로동),02-855-1119
109,서울소방재난본부,구로소방서,독산,서울특별시 금천구 시흥대로 386 (독산동),02-869-1119
110,서울소방재난본부,구로소방서,구로_시흥,서울특별시 금천구 시흥대로45길 31 (시흥동),02-806-1119
111,서울소방재난본부,구로소방서,신도림,서울특별시 구로구 경인로59길 57 (신도림동),02-2671-8119
112,서울소방재난본부,구로소방서,구로_공단,서울특별시 구로구 디지털로34길 56 (구로동),02-855-0119
113,서울소방재난본부,강북소방서_서울,번동,서울특별시 강북구 보건소길 2 (번동),02-6946-0250
114,서울소방재난본부,강북소방서_서울,우이,서울특별시 강북구 삼각산로 111 (수유동),02-998-9116
115,서울소방재난본부,강북소방서_서울,미아,서울특별시 강북구 도봉로 125 (미아동),02-983-9111
116,서울소방재난본부,강북소방서_서울,삼각산,서울특별시 강북구 솔샘로 208 (미아동),02-983-5119
117,부산소방안전본부,중부소방서_부산,중부(부산)_중앙,부산광역시 중구 중앙대로 110(중앙동4가),051-760-6111
118,부산소방안전본부,중부소방서_부산,부민,부산광역시 서구 임시수도기념로 21-4(부민동3가),051-760-6121
119,부산소방안전본부,중부소방서_부산,충무,부산광역시 서구 충무대로 186(남부민동),051-760-6131
120,부산소방안전본부,중부소방서_부산,창선,부산광역시 중구 대청로 68-1(부평동),051-760-6141
121,부산소방안전본부,중부소방서_부산,초량,부산광역시 동구 중앙대로 260번길 7-3(초량동),051-760-6151
122,부산소방안전본부,부산진소방서,범일,부산광역시 동구 범일로 115(범일동),051-760-6211
123,부산소방안전본부,부산진소방서,부전,부산광역시 부산진구 서전로 43(전포동),051-760-6221
124,부산소방안전본부,부산진소방서,수정,부산광역시 동구 중앙대로 383-1(수정동),051-760-6231
125,부산소방안전본부,부산진소방서,부산진_가야,부산광역시 부산진구 가야대로 627(가야동),051-760-6241
126,부산소방안전본부,부산진소방서,부암,부산광역시 부산진구 신천대로 282(부암동),051-760-6251
127,부산소방안전본부,부산진소방서,당감,부산광역시 부산진구 백양산로53번길 65(당감동),051-760-6261
128,부산소방안전본부,동래소방서,동래_연산,부산광역시 연제구 고분로 216(연산동),051-760-6311
129,부산소방안전본부,동래소방서,수안,부산광역시 동래구 명륜로45번길 7(수안동),051-760-6321
130,부산소방안전본부,동래소방서,온천,부산광역시 동래구 우장춘로 196(온천동),051-760-6331
131,부산소방안전본부,동래소방서,양정,부산광역시 부산진구 연제로9번길 42(양정동),051-760-6341
132,부산소방안전본부,동래소방서,동래_사직,부산광역시 동래구 체육공원로 74(사직동),051-760-6351
133,부산소방안전본부,북부소방서_부산,삼락,부산광역시 사상구 삼덕로 17(삼락동),051-760-6411
134,부산소방안전본부,북부소방서_부산,감전,부산광역시 사상구 가야대로 41(감전동),051-760-6421
135,부산소방안전본부,북부소방서_부산,구포,부산광역시 북구 만덕대로 31(덕천동),051-760-6431
136,부산소방안전본부,북부소방서_부산,화명,부산광역시 북구 금곡대로 184(화명동),051-760-6441
137,부산소방안전본부,북부소방서_부산,주례,부산광역시 사상구 양지로22번길 7(주례동),051-760-6451
138,부산소방안전본부,북부소방서_부산,모라,부산광역시 사상구 백양대로 950(모라동),051-760-6461
139,부산소방안전본부,북부소방서_부산,학장,부산광역시 사상구 학감대로 89(학장동),051-760-6471
140,부산소방안전본부,북부소방서_부산,금곡,부산광역시 북구 금곡대로616번길 151(금곡동),051-760-6491
141,부산소방안전본부,북부소방서_부산,만덕,부산광역시 북구 함박봉로 142(만덕동),051-760-6441
142,부산소방안전본부,사하소방서,사하_신평,부산광역시 사하구 장평로 270(신평동),051-760-6511
143,부산소방안전본부,사하소방서,괴정,부산광역시 사하구 낙동대로 262(괴정동),051-760-6521
144,부산소방안전본부,사하소방서,하단,부산광역시 사하구 낙동남로 1407(하단동),051-760-6431
145,부산소방안전본부,사하소방서,다대,부산광역시 사하구 다대로 622(다대동),051-760-6541
146,부산소방안전본부,사하소방서,감천,부산광역시 사하구 원양로 405(감천동),051-760-6551
147,부산소방안전본부,해운대소방서,우동,부산광역시 해운대구 해운대해변로 106(우동),051-760-6611
148,부산소방안전본부,해운대소방서,해운대_중동,부산광역시 해운대구 달맞이길 117번길 72(중동),051-760-6621
149,부산소방안전본부,해운대소방서,반여,부산광역시 해운대구 선수촌로 21번길 64(반여동),051-760-6631
150,부산소방안전본부,해운대소방서,좌동,부산광역시 해운대구 대천로 67번길 35(좌동),051-760-6641
151,부산소방안전본부,해운대소방서,센텀,부산광역시 해운대구 센텀동로 50(우동),051-760-6651
152,부산소방안전본부,금정소방서,금정_부곡,부산광역시 금정구 중앙대로 1789(부곡동),051-760-6711
153,부산소방안전본부,금정소방서,서동,부산광역시 동래구 반송로 331(명장동),051-760-6721
154,부산소방안전본부,금정소방서,금정_남산,부산광역시 금정구 두실로 46(남산동),051-760-6731
155,부산소방안전본부,금정소방서,반송,부산광역시 해운대구 아랫반송로 10(반송동),051-760-6741
156,부산소방안전본부,금정소방서,산성산악,부산광역시 금정구 산성로 396(금성동),051-760-6751
157,부산소방안전본부,남부소방서_부산,광안,부산광역시 수영구 광일로 64(광안동),051-760-6811
158,부산소방안전본부,남부소방서_부산,감만,부산광역시 남구 우암로 81(감만동),051-760-6821
159,부산소방안전본부,남부소방서_부산,대연,부산광역시 남구 수영로 279(대연동),051-760-6831
160,부산소방안전본부,남부소방서_부산,망미,부산광역시 수영구 과정로55번길 16(망미동),051-760-6841
161,부산소방안전본부,남부소방서_부산,용당,부산광역시 남구 신선로 398(용당동),051-760-6851
162,부산소방안전본부,강서소방서_부산,녹산,부산광역시 강서구 녹산산단361로 9(송정동),051-760-6011
163,부산소방안전본부,강서소방서_부산,신호,부산광역시 강서구 신호산단4로 62(신호동),051-760-6021
164,부산소방안전본부,강서소방서_부산,대저,부산광역시 강서구 대저로221번길 25(대저동),051-760-6031
165,부산소방안전본부,강서소방서_부산,강동,부산광역시 강서구 제도로 696(강동동),051-760-6041
166,부산소방안전본부,강서소방서_부산,지사,부산광역시 강서구 과학산단로 333번길 3(지사동),051-760-6051
167,부산소방안전본부,기장소방서,정관,부산광역시 기장군 정관면 용수로 7(정관읍),051-760-5411
168,부산소방안전본부,기장소방서,기장,부산광역시 기장군 기장읍 차성동로 5번길 16(기장읍),051-760-5421
169,부산소방안전본부,기장소방서,기장_송정,부산광역시 해운대구 송정중앙로 15번길 16(송정동),051-760-5431
170,부산소방안전본부,기장소방서,장안,부산광역시 기장군 장안산단 3로 43(장안읍),051-760-5441
171,부산소방안전본부,항만소방서,동삼,부산광역시 영도구 해양로 297(동삼동),051-760-6911
172,부산소방안전본부,항만소방서,영선,부산광역시 영도구 태종로 115(영선동),051-760-6921
173,부산소방안전본부,항만소방서,부두,부산광역시 동구 충장대로 236(좌천동),051-760-6931
174,부산소방안전본부,항만소방서,항만_청학,부산광역시 영도구 태종로 274(청학동),051-760-6941
175,대구소방안전본부,중부소방서_대구,남산,대구광역시 중구 달구벌대로 1926 ,053-601-4571
176,대구소방안전본부,중부소방서_대구,서문로,대구광역시 중구 경상감영길 45,053-601-4572
177,대구소방안전본부,중부소방서_대구,대신,대구광역시 중구 큰장로26길 45,053-601-4574
178,대구소방안전본부,중부소방서_대구,삼덕,대구광역시 중구 공평로 35 ,053-601-4575
179,대구소방안전본부,중부소방서_대구,명덕,대구광역시 남구 명덕로34길 22 ,053-601-4577
180,대구소방안전본부,중부소방서_대구,봉덕,대구광역시 남구 희망로3길 29 ,053-601-4573
181,대구소방안전본부,중부소방서_대구,대명,대구광역시 남구 현충로15길 21-81,053-601-4576
182,대구소방안전본부,중부소방서_대구,성명,대구광역시 남구 대명남로 12-1,053-601-4578
183,대구소방안전본부,동부소방서_대구,신천,대구광역시 동구 동대구로 507 ,053-605-5320
184,대구소방안전본부,동부소방서_대구,동촌,대구광역시 동구 해동로 180 ,053-605-5330
185,대구소방안전본부,동부소방서_대구,안심,대구광역시 동구 반야월로 291 ,053-605-5340
186,대구소방안전본부,동부소방서_대구,불로,대구광역시 동구 팔공로50길 19 ,053-605-5350
187,대구소방안전본부,동부소방서_대구,공산,대구광역시 동구 팔공산로 1579 ,053-605-5360
188,대구소방안전본부,동부소방서_대구,율하,대구광역시 동구 율하동로8길 5,053-605-5370
189,대구소방안전본부,서부소방서_대구,평리,대구광역시 서구 달서천로 186 ,053-320-4492
190,대구소방안전본부,서부소방서_대구,읍내,대구광역시 북구 칠곡중앙대로 570 ,053-321-0119
191,대구소방안전본부,서부소방서_대구,이현,대구광역시 서구 국채보상로 119 ,053-552-0119
192,대구소방안전본부,서부소방서_대구,비산,대구광역시 서구 달서로 206 ,053-566-0119
193,대구소방안전본부,서부소방서_대구,태전,대구광역시 북구 칠곡중앙대로 184 ,053-312-0119
194,대구소방안전본부,서부소방서_대구,내당,대구광역시 서구 서대구로3길 16 ,053-557-0119
195,대구소방안전본부,서부소방서_대구,동천,대구광역시 북구 구암로 155 ,053-325-0119
196,대구소방안전본부,북부소방서_대구,칠성,대구광역시 북구 칠성남로 112 ,053-350-5720
197,대구소방안전본부,북부소방서_대구,침산,대구광역시 북구 침산남로 149 ,053-350-5740
198,대구소방안전본부,북부소방서_대구,노원,대구광역시 북구 노원로 42 ,053-350-5750
199,대구소방안전본부,북부소방서_대구,대현,대구광역시 북구 대현로 105 ,053-350-5770 
200,대구소방안전본부,북부소방서_대구,복현,대구광역시 북구 동북로 245 ,053-350-5760
201,대구소방안전본부,북부소방서_대구,무태,대구광역시 북구 호국로43길 21 ,053-350-5780 
202,대구소방안전본부,북부소방서_대구,산격,대구광역시 북구 유통단지로8길 88 ,053-350-5790
203,대구소방안전본부,수성소방서,범물,대구광역시 수성구 청호로 87 ,053-780-5261
204,대구소방안전본부,수성소방서,만촌,대구광역시 수성구 달구벌대로 2658 ,053-752-0119
205,대구소방안전본부,수성소방서,황금,대구광역시 수성구 동대구로12길 41 ,053-764-0119
206,대구소방안전본부,수성소방서,상동,대구광역시 수성구 파동로51길 5 ,053-765-0119
207,대구소방안전본부,수성소방서,수성,대구광역시 수성구 들안로60길 30 ,053-741-2119 
208,대구소방안전본부,수성소방서,고산,대구광역시 수성구 고산로 105 ,053-791-7119
209,대구소방안전본부,수성소방서,무열로,대구광역시 수성구 무열로 139 ,053-741-0119
210,대구소방안전본부,달서소방서,월성,대구광역시 달서구 학산로 75 ,053-607-2281
211,대구소방안전본부,달서소방서,송현,대구광역시 달서구 월배로 262 ,053-632-0119
212,대구소방안전본부,달서소방서,본리,대구광역시 달서구 대명천로 134 ,053-625-0119 
213,대구소방안전본부,달서소방서,도원,대구광역시 달서구 도원로 8 ,053-633-9110
214,대구소방안전본부,달성소방서,현풍,대구광역시 달성군 현풍면 비슬로 480 ,053-670-5421 
215,대구소방안전본부,달성소방서,논공,대구광역시 달성군 논공읍 논공중앙로33길 5,053-615-5119 
216,대구소방안전본부,달성소방서,화원,대구광역시 달성군 화원읍 화암로 122 ,053-632-1119
217,대구소방안전본부,달성소방서,구지,대구광역시 달성군 구지면 달성2차로 111 ,053-616-0119
218,대구소방안전본부,강서소방서_대구,다사,대구광역시 달성군 다사읍 달구벌대로 920,053-601-5620
219,대구소방안전본부,강서소방서_대구,성서,대구광역시 달서구 성서로 357 ,053-601-5630
220,대구소방안전본부,강서소방서_대구,죽전,대구광역시 달서구 와룡로 222 ,053-601-5640
221,대구소방안전본부,강서소방서_대구,대천,대구광역시 달서구 달서대로58길 129 ,053-601-5650
222,대구소방안전본부,강서소방서_대구,매곡,대구광역시 달성군 다사읍 달구벌대로 753 ,053-601-5660
223,인천소방본부,중부소방서_인천,중부(인천)_중앙,인천광역시 중구 인중로 204,032-870-5180
224,인천소방본부,중부소방서_인천,중부(인천)_송현,인천광역시 동구 방축로 39,032-576-0119
225,인천소방본부,중부소방서_인천,송림,인천광역시 동구 샛골로 133,032-764-7119
226,인천소방본부,중부소방서_인천,만석,인천광역시 동구 제물량로 396,032-766-0119
227,인천소방본부,중부소방서_인천,연안,인천광역시 중구 축항대로 118,032-887-4689
228,인천소방본부,중부소방서_인천,영흥,인천광역시 영흥면 영흥로 283-32,032-882-3119
229,인천소방본부,중부소방서_인천,백령,인천광역시 옹진군 백령면 백령남로 30,032-836-0119
230,인천소방본부,남동소방서_인천,구월,인천광역시 남동구 인주대로 714-8,032-870-5221
231,인천소방본부,남동소방서_인천,만수,인천광역시 남동구 인주대로 845,032-870-5222
232,인천소방본부,남동소방서_인천,간석,인천광역시 남동구 백범로 248번길,032-870-5223
233,인천소방본부,남동소방서_인천,담방(구.서창),인천광역시 남동구 매소홀로 1049,032-870-5224
234,인천소방본부,부평소방서_인천,부평_갈산,인천광역시 부평구 부평대로 324,032-723-5353
235,인천소방본부,부평소방서_인천,부평,인천광역시 부평구 부평대로 8,032-723-5354
236,인천소방본부,부평소방서_인천,십정,인천광역시 부평구 경원대로 1111,032-723-5355
237,인천소방본부,부평소방서_인천,산곡,인천광역시 부평구 마장로 198,032-723-5356
238,인천소방본부,부평소방서_인천,부개,인천광역시 부평구 부개로 6,032-723-5357
239,인천소방본부,부평소방서_인천,부평_삼산,인천광역시 부평구 충선로 252,032-723-5358
240,인천소방본부,서부소방서_인천,서부(인천)_연희,인천광역시 서구 서곶로292(심곡동),032-723-5421
241,인천소방본부,서부소방서_인천,가좌,인천광역시 서구 가좌동 540-1,032-578-0119
242,인천소방본부,서부소방서_인천,서부(인천)_신현,인천광역시 서구 신현동 294,032-572-0119
243,인천소방본부,서부소방서_인천,석남,인천광역시 서구 석남로102(석남동),032-571-0119
244,인천소방본부,서부소방서_인천,검단,인천광역시 서구 왕길동 635-4,032-565-0119
245,인천소방본부,서부소방서_인천,검암,인천광역시 서구 검암동 606-9,032-568-7119
246,인천소방본부,서부소방서_인천,서부(인천)_원당,인천광역시 서구 원당지구 80블럭 2롯트,032-563-1195
247,인천소방본부,서부소방서_인천,청라,인천광역시 서구 경서동 628-3,032-569-5026
248,인천소방본부,공단소방서,공단_고잔,인천광역시 남동구 남동서로 208(고잔동),032-723-5521 
249,인천소방본부,공단소방서,옥련,인천광역시 연수구 청량로 155번길 7(옥련동),032-723-5522
250,인천소방본부,공단소방서,도림,인천광역시 남동구 비류대로 667(도림동),032-723-5523
251,인천소방본부,공단소방서,동춘,인천광역시 연수구 앵고개로 241(동춘동),032-723-5524
252,인천소방본부,공단소방서,논현,인천광역시 남동구 소래역로 109(논현동),032-723-5525
253,인천소방본부,계양소방서,작전,인천광역시 계양구 장제로 774(계산동),032-650-5621
254,인천소방본부,계양소방서,계산,인천광역시 계양구 주부토길 557(계산동),032-650-5622
255,인천소방본부,계양소방서,장기,인천광역시 계양구 장기서로 14(장기동),032-650-5623
256,인천소방본부,계양소방서,효성,인천광역시 계양구 효서로 96-1(효성동),032-650-5624
257,인천소방본부,남부소방서_인천,신기,인천광역시 남구 인하로 190 (주안동),032-870-3290
258,인천소방본부,남부소방서_인천,주안,인천광역시 남구 한나루로 607 인천종합건설본부 (도화동),032-862-1119
259,인천소방본부,남부소방서_인천,도화,인천광역시 남구 장고개로 85 (도화동),032-864-9119
260,인천소방본부,남부소방서_인천,용현,인천광역시 남구 독배로 376 (용현동),032-887-0119
261,인천소방본부,남부소방서_인천,관교,인천광역시 남구 인하로 450 (관교동),032-435-0119
262,인천소방본부,남부소방서_인천,숭의,인천광역시 남구 석정로 51 (숭의동),032-888-9119
263,인천소방본부,강화소방서,강화,인천광역시 강화군 강화읍 남문로23번길 11,032-930-5894
264,인천소방본부,강화소방서,길상,인천광역시 강화군 길상면 마니산로 93,032-930-5822
265,인천소방본부,강화소방서,내가,인천광역시 강화군 내가면 강화서로 235-1 ,032-930-5823
266,인천소방본부,공항소방서,공항,인천광역시 중구 공항서로512번길 464(운서동),032-727-6180
267,인천소방본부,공항소방서,영종,인천광역시 중구 운남로 116(운남동),032-727-6181
268,인천소방본부,공항소방서,운서,인천광역시 중구 흰바위로27번길 16(운서동),032-727-6182
269,인천소방본부,공항소방서,용유,인천광역시 중구 용유서로128번길 1(운서동),032-727-6183
270,인천소방본부,송도소방서,미래,인천광역시 연수구 첨단대로 60번길 15(송도동),032-810-6660
271,인천소방본부,송도소방서,신송(구.송도),인천광역시 연수구 해돋이로 92(송도동),032-810-6683
272,광주소방안전본부,동부소방서_광주,대인,광주광역시 동구 제봉로 210(대인동),062-606-4203
273,광주소방안전본부,동부소방서_광주,지산,광주광역시 동구 밤실로30번길 16(지산동),062-606-4423
274,광주소방안전본부,동부소방서_광주,학운,광주광역시 동구 남문로 692(학동),062-606-4403
275,광주소방안전본부,서부소방서_광주,화정,광주광역시 서구 화운로 197(화정동),062-606-4255
276,광주소방안전본부,서부소방서_광주,염주,광주광역시 서구 염화로 77(화정동),062-606-4507
277,광주소방안전본부,서부소방서_광주,금호,광주광역시 서구 운천로 112(쌍촌동),062-606-4525
278,광주소방안전본부,서부소방서_광주,상무,광주광역시 서구 치평로 65(치평동),062-606-4543
279,광주소방안전본부,서부소방서_광주,풍암,광주광역시 서구 회재로 907(금호동),062-606-4564
280,광주소방안전본부,남부소방서_광주,송하,광주광역시 남구 송암로58번길 13(송하동),062-606-4303
281,광주소방안전본부,남부소방서_광주,월산,광주광역시 남구 수박등로 1(월산동),062-606-4603
282,광주소방안전본부,남부소방서_광주,봉선,광주광역시 남구 오방로 63(방림동),062-606-4623
283,광주소방안전본부,북부소방서_광주,문흥,광주광역시 북구 서하로 290(오치동),062-606-4353
284,광주소방안전본부,북부소방서_광주,임동,광주광역시 북구 서림로 5(임동),062-606-4703
285,광주소방안전본부,북부소방서_광주,우산,광주광역시 북구 동문대로 127(우산동),062-606-4723
286,광주소방안전본부,북부소방서_광주,일곡,광주광역시 북구 설죽로 529(일곡동),062-606-4743
287,광주소방안전본부,북부소방서_광주,두암,광주광역시 북구 삼정로 5(두암동),062-606-4763
288,광주소방안전본부,북부소방서_광주,동림,광주광역시 북구 북문대로 202(동림동),062-606-4783
289,광주소방안전본부,광산소방서_광주,하남,광주광역시 광산구 하남산단1번로 13(하남동),062-606-4903
290,광주소방안전본부,광산소방서_광주,송정,광주광역시 광산구 상무대로 93-1(도산동),062-606-4803
291,광주소방안전본부,광산소방서_광주,월곡,광주광역시 광산구 사암로 276(월곡동),062-606-4823
292,광주소방안전본부,광산소방서_광주,비아,광주광역시 광산구 비아로12번길 10(비아동),062-606-4843
293,광주소방안전본부,광산소방서_광주,신가,광주광역시 광산구 수등로 236(신가동),062-606-4863
294,광주소방안전본부,광산소방서_광주,첨단,광주광역시 광산구 임방울대로825번길 16(쌍암동),062-606-4883
295,광주소방안전본부,광산소방서_광주,평동,광주광역시 광산구 월전동 1251,전화공사중
296,대전소방본부,중부소방서_대전,삼성,대전광역시 동구 태전로 134,042-609-6111
297,대전소방본부,중부소방서_대전,원동,대전광역시 중구 대종로 373,042-609-6121
298,대전소방본부,중부소방서_대전,부사,대전광역시 동구 대전천동로 508,042-609-6131
299,대전소방본부,중부소방서_대전,산내,대전광역시 동구 산내로 1328,042-609-6141
300,대전소방본부,중부소방서_대전,용운,대전광역시 동구 용운로 151번길 88,042-609-6151
301,대전소방본부,중부소방서_대전,가양,대전광역시 동구 합내로 50,042-609-6161
302,대전소방본부,서부소방서_대전,갈마,대전광역시 서구 갈마중로 15,042-609-6311
303,대전소방본부,서부소방서_대전,태평,대전광역시 중구 태평로 91,042-609-6321
304,대전소방본부,서부소방서_대전,탄방,대전광역시 서구 문정로 142,042-609-6331
305,대전소방본부,서부소방서_대전,월평,대전광역시 서구 청사로 27,042-609-6341
306,대전소방본부,서부소방서_대전,둔산,대전광역시 서구 둔산로 101번길 26,042-609-6351
307,대전소방본부,동부소방서_대전,법동,대전광역시 대덕구 계족로 682,042-609-6511
308,대전소방본부,동부소방서_대전,대화,대전광역시 대덕구 대화로 81,042-609-6521
309,대전소방본부,동부소방서_대전,덕암,대전광역시 대덕구 신탄진로 681번길 10,042-609-6531
310,대전소방본부,동부소방서_대전,문평,대전광역시 대덕구 문평동로 18번길 34,042-609-6541
311,대전소방본부,동부소방서_대전,송촌,대전광역시 대덕구 동춘당로 65,042-609-6551
312,대전소방본부,북부소방서_대전,도룡,대전광역시 유성구 대덕대로 516,042-609-6711
313,대전소방본부,북부소방서_대전,전민,대전광역시 유성구 엑스포로 486-11,042-609-6721
314,대전소방본부,북부소방서_대전,구암,대전광역시 유성구 월드컵대로 263,042-609-6731
315,대전소방본부,북부소방서_대전,궁동,대전광역시 유성구 궁동로 35,042-609-6741
316,대전소방본부,북부소방서_대전,노은,대전광역시 유성구 노은로 101,042-609-6751
317,대전소방본부,남부소방서_대전,복수,대전광역시 서구 복수서로 67,042-609-6911
318,대전소방본부,남부소방서_대전,문화,대전광역시 중구 계룡로 918번길 67,042-609-6921
319,대전소방본부,남부소방서_대전,산성,대전광역시 중구 산성로 59,042-609-6931
320,대전소방본부,남부소방서_대전,가수원,대전광역시 서구 용소로 46,042-609-6941
321,대전소방본부,남부소방서_대전,원내,대전광역시 유성구 계백로 801번길 17,042-609-6951
322,울산소방본부,중부소방서_울산,유곡,울산광역시 중구 종가로 205,052-241-2400
323,울산소방본부,중부소방서_울산,성남,울산광역시 중구 만남의거리 14,052-241-2420
324,울산소방본부,중부소방서_울산,병영,울산광역시 중구 구교로 226,052-241-2440
325,울산소방본부,중부소방서_울산,농소,울산광역시 북구 아진로 72,052-241-2480
326,울산소방본부,중부소방서_울산,언양,울산광역시 울주군 남천둑길 99,052-241-2460
327,울산소방본부,중부소방서_울산,태화,울산광역시 중구 태화로 111,052-241-2530
328,울산소방본부,중부소방서_울산,범서,울산광역시 울주군 구영앞길 99,052-241-2500
329,울산소방본부,중부소방서_울산,매곡,울산광역시 북구 오토밸리로 1024,052-241-2970
330,울산소방본부,남부소방서_울산,남부(울산)_삼산,울산광역시 남구 삼산중로 149,052-241-2580
331,울산소방본부,남부소방서_울산,여천,울산광역시 남구 여천로 81-33,052-241-2610
332,울산소방본부,남부소방서_울산,남부(울산)_신정,울산광역시 남구 신정로 87번길 2,052-241-2630
333,울산소방본부,남부소방서_울산,무거,울산광역시 남구 문수로 89,052-241-2650
334,울산소방본부,남부소방서_울산,남부(울산)_공단,울산광역시 남구 상개로 190,052-241-2670
335,울산소방본부,남부소방서_울산,장생포,울산광역시 남구 매암로 18,052-241-2560
336,울산소방본부,남부소방서_울산,옥동,울산광역시 남구 대공원입구로21번길 20,052-241-2690
337,울산소방본부,동부소방서_울산,화암,울산광역시 동구 꽃바위2가길 9,052-241-2720
338,울산소방본부,동부소방서_울산,동부(울산)_화정,울산광역시 동구 방어진순환도로 601,052-241-2740
339,울산소방본부,동부소방서_울산,염포,울산광역시 북구 염포로 769,052-241-2780
340,울산소방본부,동부소방서_울산,전하,울산광역시 동구 진성 4가길 8,052-241-2760
341,울산소방본부,동부소방서_울산,강동,울산광역시 북구 산호중앙2로 231 ,052-241-2800
342,울산소방본부,온산소방서_울산,온산,울산광역시 울주군 온산읍 덕신로 232,052-241-2860
343,울산소방본부,온산소방서_울산,온양,울산광역시 울주군 온양읍 온양로 74,052-241-2890
344,울산소방본부,온산소방서_울산,웅촌,울산광역시 울주군 웅촌면 곡천검단로 9,052-241-2910
345,울산소방본부,온산소방서_울산,화산,울산광역시 울주군 온산읍 공단로 417,052-241-2840
346,세종소방본부,조치원소방서,조치원,세종특별자치시 조치원읍 세종로 2439,044-300-8501
347,세종소방본부,조치원소방서,전의,세종특별자치시 전의면 서정길 46-6,044-300-8521
348,세종소방본부,조치원소방서,부강,세종특별자치시 부강면 청연로 7,044-300-8541
349,세종소방본부,조치원소방서,연서,세종특별자치시 연서면 도신고복로 306,044-300-8641
350,세종소방본부,세종소방서,어진,세종특별자치시 어진동 610,044-300-8604
351,세종소방본부,세종소방서,아름,세종특별자치시 아름동 보듬3로 119,044-300-8581
352,세종소방본부,세종소방서,한솔,세종특별자치시 한솔동 노을3로 29,044-300-8561
353,세종소방본부,세종소방서,보람,세종특별자치시 보람동 남세종로 436,044-300-8621
354,경기재난본부,수원소방서,정자,수원시 장안구 정자천로 189번길 12 (정자동),031-8012-9501
355,경기재난본부,수원소방서,남부,수원시 권선구 동수원로 286 (권선동),031-8012-9511
356,경기재난본부,수원소방서,매산,수원시 팔달구 매산로  89 (매산로 3가),031-8012-9521
357,경기재난본부,수원소방서,원천,수원시 영통구 중부대로 349 (원천동),031-8012-9531
358,경기재난본부,수원소방서,지만,수원시 팔달구 경수대로 660 (우만동),031-8012-9551
359,경기재난본부,수원소방서,서둔,수원시 권선구 서호동로 48 (서둔동),031-8012-9561
360,경기재난본부,수원소방서,파장,수원시 장안구 서부로 2308 (이목동),031-8012-9571
361,경기재난본부,수원소방서,이의,수원시 영통구 창룡대로 313 (이의동) ,031-8012-9581
362,경기재난본부,수원소방서,고색,수원시 권선구 서부로 1614 (고색동),031-8012-9591
363,경기재난본부,수원소방서,영통,수원시 영통구 매영로 325 (영통동),031-8012-9141
364,경기재난본부,성남소방서,수진,성남시 수정구 제일로 111 (수진동),031-720-0500
365,경기재난본부,성남소방서,신흥,경기도 성남시 수정구 시민로 151 (신흥동),031-757-0119
366,경기재난본부,성남소방서,상대원,경기도 성남시 중원구 둔촌대로 457번길 8 (상대원동),031-745-0003
367,경기재난본부,성남소방서,단대,경기도 성남시 수정구 논골로 11번길 7-2 (단대동),031-720-0521
368,경기재난본부,성남소방서,위례,경기도 성남시 수정구 헌릉로 1003 (창곡동),031-759-5119
369,경기재난본부,분당소방서,서현,경기도 성남시 분당구 양현로 14 (서현동),031-8018-3501
370,경기재난본부,분당소방서,판교,경기도 성남시 분당구 대왕판교로644번길 62 (삼평동),031-8018-3511
371,경기재난본부,분당소방서,수내,경기도 성남시 분당구 백현로 241 (수내동),031-8018-3521
372,경기재난본부,분당소방서,야탑,경기도 성남시 분당구 양현로 485 (야탑4동),031-8018-3531
373,경기재난본부,분당소방서,구미,경기도 성남시 분당구 돌마로 138 (구미동),031-8018-3551
374,경기재난본부,부천소방서,중앙,경기도 부천시 신흥로 115 (중동),032-650-4504
375,경기재난본부,부천소방서,내동,경기도 부천시 신흥로 364 (내동),032-650-4524
376,경기재난본부,부천소방서,중동,경기도 부천시 부일로 346 (중동),032-650-4534
377,경기재난본부,부천소방서,괴안,경기도 부천시 부광로8번길 49 (괴안동),032-650-4544
378,경기재난본부,부천소방서,원종,경기도 부천시 원종로79번길 41 (원종동),032-650-4554
379,경기재난본부,부천소방서,상동,경기도 부천시 장말로 113 (상동),032-650-4564
380,경기재난본부,부천소방서,서부,경기도 부천시 계남로 169 (중동),032-650-4574
381,경기재난본부,부천소방서,범박,경기도 부천시 범안로 127 (범박동),032-650-4584
382,경기재난본부,부천소방서,신상,경기도 부천시 상동로117번길 36 (상동),032-650-4594
383,경기재난본부,안양소방서,부림,경기도 안양시 동안구 관평로212번길 32 (관양동),031-470-0501
384,경기재난본부,안양소방서,안양,경기도 안양시 만안구 현충로 55 (안양동),031-470-0511
385,경기재난본부,안양소방서,비산,경기도 안양시 동안구 평촌대로 389 (비산동),031-470-0531
386,경기재난본부,안양소방서,석수,경기도 안양시 만안구 석수로 28 (석수동),031-470-0541
387,경기재난본부,안양소방서,귀인,경기도 안양시 동안구 평촌대로 104 (평촌동),031-470-0551
388,경기재난본부,안산소방서,고잔,경기도 안산시 단원구 화랑로 407 (고잔동),031-470-7501
389,경기재난본부,안산소방서,원시,경기도 안산시 단원구 동산로 31 (원시동),031-470-7511
390,경기재난본부,안산소방서,선부,경기도 안산시 단원구 선부광장서로 43 (선부동),031-470-7521
391,경기재난본부,안산소방서,성곡,경기도 안산시 단원구 장자골로 66 (성곡동),031-470-7541
392,경기재난본부,안산소방서,월피,경기도 안산시 상록구 충장로 645 (월피동),031-470-7551
393,경기재난본부,안산소방서,군자,경기도 안산시 단원구 번영1로 45 (성곡동),031-470-7561
394,경기재난본부,안산소방서,사동,경기도 안산시 상록구 항가울로 230 (사동),031-470-7571
395,경기재난본부,안산소방서,대부,경기도 안산시 단원구 영전로 375 (대부동동),031-470-7581
396,경기재난본부,안산소방서,반월,경기도 안산시 상록구 건지미길 48 (건건동),031-470-7591
397,경기재난본부,용인소방서,역북,경기도 용인시 처인구 명지로 45 (역북동),031-8021-0501
398,경기재난본부,용인소방서,구갈,경기도 용인시 기흥구 신구로 74 (구갈동),031-8021-0511
399,경기재난본부,용인소방서,수지,경기도 용인시 수지구 풍덕천로 177 (풍덕천동),031-8021-0521
400,경기재난본부,용인소방서,양지,경기도 용인시 처인구 양지면 남평로 46 (남곡리),031-8021-0531
401,경기재난본부,용인소방서,남사,경기도 용인시 처인구 남사면 봉무로 13 (봉무리),031-8021-0541
402,경기재난본부,용인소방서,포곡,경기도 용인시 처인구 포곡읍 포곡로 252 (삼계리),031-8021-0551
403,경기재난본부,용인소방서,이동,경기도 용인시 처인구 이동면 백옥대로 416-2 (덕성리),031-8021-0561
404,경기재난본부,용인소방서,보정,경기도 용인시 기흥구 보정로 114번길 2 (보정동),031-8021-0571
405,경기재난본부,용인소방서,백암,경기도 용인시 처인구 백암면 백암로 247 (백암리),031-8021-0581
406,경기재난본부,용인소방서,동백,경기도 용인시 기흥구 동백6로 33 (중동),031-8021-0591
407,경기재난본부,용인소방서,모현,경기도 용인시 처인구 모현면 독점로 31-12 (갈담리),031-8021-0141
408,경기재난본부,평택소방서,비전,경기도 평택시 중앙로 273 (비전동),031-8053-6503
409,경기재난본부,평택소방서,안중,경기도 평택시 안중읍 안현로서7길 28 (현화리),031-8053-6531
410,경기재난본부,평택소방서,팽성,경기도 평택시 팽성읍 팽성송화로 172 (송화리),031-8053-6512
411,경기재난본부,평택소방서,포승,경기도 평택시 포승읍 평택항로 156번길 11 (만호리),031-8053-6542
412,경기재난본부,송탄소방서,신장,경기도 평택시 경기대로 1627 (신장동),031-685-8500
413,경기재난본부,송탄소방서,진위,경기도 평택시 진위면 봉남길 30,031-685-8510
414,경기재난본부,송탄소방서,모곡,경기도 평택시 산단로64번길 2 (모곡동),031-685-8520
415,경기재난본부,송탄소방서,서탄,경기도 평택시 서탄면 서탄로 241,031-685-8530
416,경기재난본부,송탄소방서,고덕,경기도 평택시 고덕면 고덕로 335,031-695-8540
417,경기재난본부,송탄소방서,청북,경기도 평택시 청북면 현곡산단로 16,031-685-8550
418,경기재난본부,광명소방서,소하,경기도 광명시 금하로 472 (소하동),031-2610-3500
419,경기재난본부,광명소방서,광명,경기도 광명시 사성로 12 (광명동),031-2610-3510
420,경기재난본부,광명소방서,하안,경기도 광명시 범안로 1025 (하안동),031-2610-3520
421,경기재난본부,광명소방서,광남,경기도 광명시 목감로 34 (광명동),031-2610-3530
422,경기재난본부,시흥소방서,시흥,경기도 시흥시 정왕신길로 206 (정왕동),031-310-0501
423,경기재난본부,시흥소방서,은행,경기도 시흥시 은행동 대은로 4 (은행동),031-310-0511
424,경기재난본부,시흥소방서,정왕,경기도 시흥시 공단1대로 259번길 1 (정왕동),031-310-0521
425,경기재난본부,시흥소방서,연성,경기도 시흥시 새재로 29 (장현동),031-310-0531
426,경기재난본부,군포소방서,오금,경기도 군포시 고산로 429 (산본동),031-479-8505
427,경기재난본부,군포소방서,산본,경기도 군포시 산본로 432번길 1 (산본동),031-479-8512
428,경기재난본부,화성소방서,향남,경기도 화성시 향남읍 향남로 399 (행정리),031-8012-6502
429,경기재난본부,화성소방서,정남,경기도 화성시 정남면 정남동로 514 (고지리),031-8012-6522
430,경기재난본부,화성소방서,동탄,경기도 화성시 동탄반석로 188 (반송동),031-8012-6532
431,경기재난본부,화성소방서,태안,경기도 화성시 병점중앙로 148 (진안동),031-8012-6542
432,경기재난본부,화성소방서,남양,경기도 화성시 남양시장로 48 (남양동),031-8012-6552
433,경기재난본부,화성소방서,봉담,경기도 화성시 봉담읍 샘마을1길 9 (상리),031-8012-6560
434,경기재난본부,화성소방서,장안,경기도 화성시 장안면 3.1만세로 119 (어은리),031-351-2119
435,경기재난본부,화성소방서,목동,경기도 화성시 동탄2지구 공공8블럭 ,031-231-0993 
436,경기재난본부,이천소방서,관고,경기도 이천시 경충대로 2739 (관고동),031-645-5501
437,경기재난본부,이천소방서,대월,경기도 이천시 경충대로 1973 (사동리),031-645-5511
438,경기재난본부,이천소방서,장호원,경기도 이천시 장호원읍 서동대로 8829번길 71 (장호원리),031-645-5521
439,경기재난본부,김포소방서,중앙,경기도 김포시 감암로 111 (걸포동),031-980-4501
440,경기재난본부,김포소방서,양촌,경기도 김포시 양촌읍 양곡1로 85 (양곡리),031-980-4511
441,경기재난본부,김포소방서,통진,경기도 김포시 통진읍 김포대로 2250 (마송리),031-980-4521
442,경기재난본부,김포소방서,고촌,경기도 김포시 고촌읍 은행영사정로 31 (신곡리),031-980-4531
443,경기재난본부,김포소방서,하성,경기도 김포시 하성면 하성로 404 (마곡리),031-980-4541
444,경기재난본부,김포소방서,대곶,경기도 김포시 대곶면 수남로 104,031-980-4561
445,경기재난본부,김포소방서,마산,경기도 김포시 김포한강8로 196,031-980-4571
446,경기재난본부,광주소방서,초월,경기도 광주시 초월읍 무들로 112 (대쌍령리),031-799-2500
447,경기재난본부,광주소방서,경안,경기도 광주시 수하길 36 (송정동),031-799-2510
448,경기재난본부,광주소방서,오포,경기도 광주시 오포읍 오포로 910-5 (고산리),031-799-2521
449,경기재난본부,광주소방서,곤지암,경기도 광주시 곤지암읍 도척로 163 (곤지암리),031-799-2530
450,경기재난본부,광주소방서,능평,경기도 광주시 오포읍 대명대길 30 (능평리),031-799-2540
451,경기재난본부,안성소방서,도기,경기도 안성시 미양로 855 (도기동),031-678-4501
452,경기재난본부,안성소방서,미양,경기도 안성시 미양면 제2공단3길 8 (계륵리),031-677-7119
453,경기재난본부,안성소방서,죽산,경기도 안성시 죽산면 장원공단길 38 (장원리),031-678-4520
454,경기재난본부,안성소방서,공도,경기도 안성시 공도읍 공도로 111 (만정리),031-618-8119
455,경기재난본부,하남소방서,신장,경기도 하남시 대청로 76 (신장동),031-799-4502
456,경기재난본부,하남소방서,감북,경기도 하남시 감북로 91 (광암동),031-799-4511
457,경기재난본부,하남소방서,덕풍,경기도 하남시 덕풍서로 60 (덕풍동),031-799-4532
458,경기재난본부,의왕소방서,고천,경기도 의왕시 오봉로 9 (고천동),031-596-0502
459,경기재난본부,의왕소방서,백운,경기도 의왕시 안양판교로 187 (청계동),031-596-0531
460,경기재난본부,의왕소방서,오전,경기도 의왕시 경수대로 344 (오전동),031-596-0510
461,경기재난본부,오산소방서,청학,경기도 오산시 청학로 55-6 (청학동),031-8059-7500
462,경기재난본부,오산소방서,원동,경기도 오산시 경기대로 99 (원동),031-8059-7510
463,경기재난본부,여주소방서,여주,경기도 여주시 우암로 110 (월송동),031-887-8501
464,경기재난본부,여주소방서,가남,경기도 여주시 가남면 일신로 32 (태평리),031-887-8511
465,경기재난본부,여주소방서,북내,경기도 여주시 북내면 도예로 440 (당우리),031-887-8521
466,경기재난본부,양평소방서,공흥,경기도 양평군 양평읍 경강로 2047 (공흥리),031-770-0507
467,경기재난본부,양평소방서,강상,경기도 양평군 강상면 송학길 54 (송학리),031-770-0521
468,경기재난본부,양평소방서,용문,경기도 양평군 용문면 연수로 64 (다문리),031-770-0531
469,경기재난본부,과천소방서,중앙,경기도 과천시 통영로 12 (중앙동),02-331-4500
470,경기재난본부,과천소방서,과천,경기도 과천시 궁말로 30 (주암동),02-331-4510
471,경기북부소방재난본부,고양소방서,원당,경기도 고양시 덕양구 고양대로 1342,031-931-0502
472,경기북부소방재난본부,고양소방서,능곡,경기도 고양시 덕양구 토당로 48,031-931-0512
473,경기북부소방재난본부,고양소방서,신도,경기도 고양시 덕양구 삼송로136번길 80-6,031-931-0522
474,경기북부소방재난본부,고양소방서,행신,경기도 고양시 덕양구 소원로181번길 52,031-931-0532
475,경기북부소방재난본부,고양소방서,화전,경기도 고양시 덕양구 중앙로 78,031-931-0542
476,경기북부소방재난본부,일산소방서,장항,경기도 고양시 일산동구 중앙로 1325 ,031-930-0501
477,경기북부소방재난본부,일산소방서,백석,경기도 고양시 일산동구 장백로 78,031-930-0511
478,경기북부소방재난본부,일산소방서,주엽,경기도 고양시 일산서구 주화로 82,031-930-0521
479,경기북부소방재난본부,일산소방서,중산,경기도 고양시 일산동구 중산로 218,031-930-0541
480,경기북부소방재난본부,일산소방서,고봉,경기도 고양시 일산동구 성현로 429,031-930-0551
481,경기북부소방재난본부,일산소방서,대화,경기도 고양시 일산서구 대화동 2321-2,031-930-0572
482,경기북부소방재난본부,의정부소방서,중앙,경기도 의정부시 의정로 48 ,031-849-7500
483,경기북부소방재난본부,의정부소방서,금오,경기도 의정부시 호국로 1434-14,031-849-7510
484,경기북부소방재난본부,의정부소방서,호원,경기도 의정부시 평화로 322번길 7,031-849-7520
485,경기북부소방재난본부,의정부소방서,송산,경기도 의정부시 충의로 90,031-849-7530
486,경기북부소방재난본부,남양주소방서,평내,경기도 남양주시 평내로 25 ,031-590-0503
487,경기북부소방재난본부,남양주소방서,진접,경기도 남양주시 진접읍 금강로 1509-25,031-590-0522
488,경기북부소방재난본부,남양주소방서,진건,경기도 남양주시 진건읍 진건오남로 112-21,031-590-0552
489,경기북부소방재난본부,남양주소방서,화도,경기도 남양주시 화도읍 수레로 1260번길 25,031-590-0542
490,경기북부소방재난본부,남양주소방서,와부,경기도 남양주시 와부읍 덕소로 97번길 34-2,031-590-0532
491,경기북부소방재난본부,남양주소방서,별내,경기도 남양주시 송산로 41,031-590-0562
492,경기북부소방재난본부,남양주소방서,오남,경기도 남양주시 오남읍 진건오남로 772,031-590-0592
493,경기북부소방재난본부,남양주소방서,가운,경기도 남양주시 가운로 16,031-590-0572
494,경기북부소방재난본부,파주소방서,통일,파주시 파주읍 통일로 1564,031-956-9501
495,경기북부소방재난본부,파주소방서,금촌,경기도 파주시 가나무로 136 ,031-956-9511
496,경기북부소방재난본부,파주소방서,법원,경기도 파주시 법원읍 화합로 141,031-956-9521
497,경기북부소방재난본부,파주소방서,광탄,경기도 파주시 광탄면 혜음로 1040 ,031-956-9531
498,경기북부소방재난본부,파주소방서,탄현,경기도 파주시 탄현면 필승로 458 ,031-956-9541
499,경기북부소방재난본부,파주소방서,월롱,경기도 파주시 월롱면 엘씨디로 310 ,031-956-9551
500,경기북부소방재난본부,파주소방서,교하,경기도 파주시 청석로 301 ,031-956-9561
501,경기북부소방재난본부,파주소방서,적성,경기도 파주시 적성면 감악산로 1220 ,031-956-9571
502,경기북부소방재난본부,파주소방서,운정,경기도 파주시 야당동 1003-2,031-956-9581
503,경기북부소방재난본부,구리소방서,교문,"경기도 구리시 아차산로 487번길 46, 교문119안전센터",031-570-6501
504,경기북부소방재난본부,구리소방서,인창,"경기도 구리시 건원대로 34번길 28, 인창119안전센터",031-570-6512
505,경기북부소방재난본부,포천소방서,군내,경기도 포천시 군내면 호국로 1538,031-538-5500~7
506,경기북부소방재난본부,포천소방서,소흘,경기도 포천시 소흘읍 송우로 182(송우리 576-1),031-538-5511-4
507,경기북부소방재난본부,포천소방서,영북,경기도 포천시 영북면 영북로 144,031-538-5520~4
508,경기북부소방재난본부,포천소방서,일동,경기도 포천시 일동면 영일로 978,031-538-5530~4
509,경기북부소방재난본부,포천소방서,가산,경기도 포천시 포천로 890,031- 538-5540~4
510,경기북부소방재난본부,포천소방서,내촌,경기도 포천시 내촌면 내촌로 120,031-538-5550~4
511,경기북부소방재난본부,포천소방서,영중,경기도 포천시 영중면 양문로 66,031-538-5560~7
512,경기북부소방재난본부,양주소방서,백석,양주시 백석읍 꿈나무로 156,031-849-8507
513,경기북부소방재난본부,양주소방서,회천,양주시 화합로 1272,031-849-8512
514,경기북부소방재난본부,양주소방서,광적,양주시 광적면 광적로 55,031-849-8522
515,경기북부소방재난본부,양주소방서,고읍,양주시 고덕로 266,031-849-8532
516,경기북부소방재난본부,양주소방서,남면,양주시 남면 삼육사로 247,031-849-8542
517,경기북부소방재난본부,양주소방서,장흥,양주시 장흥면 일영로 794,031-849-8551
518,경기북부소방재난본부,동두천소방서,불현,경기도 동두천시 지행로 6(지행동),031-830-5501
519,경기북부소방재난본부,동두천소방서,소요,경기도 동두천시 평화로 2910번길 65(상봉암동),031-830-5511
520,경기북부소방재난본부,가평소방서,가평,가평군 가평읍 가화로 36,031-580-0507
521,경기북부소방재난본부,가평소방서,조종면,가평군 조종면 현창로 14,031-580-0522
522,경기북부소방재난본부,연천소방서,은대,경기도 연천군 전곡읍 평화로 892,031-830-0502
523,경기북부소방재난본부,연천소방서,전곡,경기도 연천군 전곡읍 전곡로 27,031-830-0521
524,경기북부소방재난본부,연천소방서,연천,경기도 연천군 연천읍 차현로 92,031-830-0531
525,강원소방본부,춘천소방서,현장대응과(후평),강원도 춘천시 후석로 446,033-241-0119
526,강원소방본부,춘천소방서,소양,강원도 춘천시 금강로 15,033-248-9531
527,강원소방본부,춘천소방서,춘천_효자,강원도 춘천시 효명길 8,033-248-9541
528,강원소방본부,춘천소방서,석사,강원도 춘천시 동내면 고은길9,033-248-9551
529,강원소방본부,춘천소방서,강촌,강원도 춘천시 남산면 소주고개로 680,033-248-9561
530,강원소방본부,춘천소방서,신북,강원도 춘천시 신북읍 신북로 35,033-248-9461
531,강원소방본부,춘천소방서,화천,강원도 춘천시 화천군 화천읍 강변로 155,033-248-9571
532,강원소방본부,춘천소방서,사내,강원도 춘천시 화천군 사내면 문화마을 1길 6,033-248-9581
533,강원소방본부,춘천소방서,양구,강원도 춘천시 양구군 양구읍 비봉로 73번길 12,033-248-9591
534,강원소방본부,원주소방서,현장대응과(명륜),강원도 원주시 남원로 487,033-762-0119
535,강원소방본부,원주소방서,원주_우산,강원도 원주시 우산동 우산공단길 9,033-769-1561
536,강원소방본부,원주소방서,단구,강원도 원주시 단구동 강변로 255,033-769-1541
537,강원소방본부,원주소방서,원주_신림,강원도 원주시 신림면 치악로 27,033-769-1551
538,강원소방본부,원주소방서,학성,강원도 원주시 학성동 학성길 122,033-769-1531
539,강원소방본부,원주소방서,태장,강원도 원주시 태장동 태장공단길 4,033-769-1571
540,강원소방본부,원주소방서,문막,강원도 원주시 문막읍 문막시장1길 90,033-769-1581
541,강원소방본부,원주소방서,흥업,강원도 원주시 귀래면 북원로 53-5,033-769-1591
542,강원소방본부,강릉소방서,현장대응과(유산),강원도 강릉시 선수천로 64-28,033-643-3119
543,강원소방본부,강릉소방서,경포,강원도 강릉시 해안로 502,033-610-8531
544,강원소방본부,강릉소방서,내곡,강원도 강릉시 범일로 660,033-610-8541
545,강원소방본부,강릉소방서,주문진,강원도 강릉시 연곡면 연주로 226,033-610-8551
546,강원소방본부,강릉소방서,포남,강원도 강릉시 하평2길 23,033-610-8561
547,강원소방본부,강릉소방서,강릉_옥계,강원도 강릉시 옥계면 현내시장길 163,033-610-8571
548,강원소방본부,동해소방서,현장대응과(천곡),강원도 동해시 천곡로 120,033-533-0119
549,강원소방본부,동해소방서,묵호,강원도 동해시 일출로 29,033-530-8531
550,강원소방본부,동해소방서,북삼,강원도 동해시 효자남길 33-10,033-530-8541
551,강원소방본부,동해소방서,북평,강원도 동해시 공단1로 21,033-530-8551
552,강원소방본부,태백소방서,현장대응과(황지),강원도 태백시 태백로 1120,033-553-1119
553,강원소방본부,태백소방서,태백_장성,강원도 태백시 석공길 16-9,033-550-8531
554,강원소방본부,태백소방서,철암,강원도 태백시 동태백로 552,033-550-8541
555,강원소방본부,태백소방서,화전,강원도 태백시 태백로 814,033-550-8551
556,강원소방본부,속초소방서,현장대응과(노학),강원도 속초시 미시령로 3226,033-631-0119
557,강원소방본부,속초소방서,영랑,강원도 속초시 동해대로 4219,033-630-2531
558,강원소방본부,속초소방서,설악,강원도 속초시 청봉로5길 37,033-630-2541
559,강원소방본부,삼척소방서,현장대응과(남양),강원도 삼척시 봉황로 101,033-573-0119
560,강원소방본부,삼척소방서,도계,강원도 삼척시 도계읍 도계강변3길 16,033-570-8531
561,강원소방본부,삼척소방서,근덕,강원도 삼척시 근덕면 교가길 37,033-570-8541
562,강원소방본부,삼척소방서,원덕,강원도 삼척시 원덕읍 삼척로 504,033-570-8551
563,강원소방본부,홍천소방서,현장대응과(홍천),강원도 홍천군 홍천읍 공작산로 99,033-432-2119
564,강원소방본부,홍천소방서,양덕원,강원도 홍천군 남면 시동로 38,033-439-2541
565,강원소방본부,홍천소방서,서석,강원도 홍천군 서석면 구룡령로 2512,033-439-2531
566,강원소방본부,횡성소방서,방호구조과(횡성),강원도 횡성군 횡성읍 문예로 157,033-343-0119
567,강원소방본부,횡성소방서,둔내,강원도 횡성군 둔내면 고원남로 42,033-340-9531
568,강원소방본부,횡성소방서,우천,강원도 횡성군 우천면 서동로 199,033-340-9541
569,강원소방본부,영월소방서,방호구조과(영월),강원도 영월군 영월읍 영월로 1863,033-373-0119
570,강원소방본부,영월소방서,주천,강원도 영월군 송학주천로 1467-15,033-371-7531
571,강원소방본부,영월소방서,영월_중동,강원도 영월군 중동면 응고개길 10-17,033-371-7541
572,강원소방본부,평창소방서,현장대응과(평창),강원도 평창군 평창읍 살구실길 10,033-333-9118
573,강원소방본부,평창소방서,진부,강원도 평창군 진부면 진부로 37,033-339-8531
574,강원소방본부,평창소방서,봉평,강원도 평창군 봉평면 기풍로 107-6,033-339-8541
575,강원소방본부,평창소방서,대화,강원도 평창군 대화면 평창대로 934,033-339-8506
576,강원소방본부,평창소방서,대관령,강원도 평창군 대관령면 올림픽로 62-20,033-339-8551
577,강원소방본부,정선소방서,방호구조과(정선),강원도 정선군 녹송로 27,033-563-0119
578,강원소방본부,정선소방서,신동,강원도 정선군 신동읍 의림로 342,033-378-0119
579,강원소방본부,정선소방서,고한,강원도 정선군 고한읍 강원남로 6455,033-591-3119
580,강원소방본부,정선소방서,임계,강원도 정선군 임계면 송계4길 9,033-562-6119
581,강원소방본부,정선소방서,사북,강원도 정선군 사북읍 하이원길 29,033-592-2119
582,강원소방본부,철원소방서,방호구조과(갈말),강원도 철원군 갈말읍 태봉로 1504,033-452-7119
583,강원소방본부,철원소방서,동송,강원도 철원군 동송읍 금학로 251길 17,033-450-2531
584,강원소방본부,철원소방서,김화,강원도 철원군 서면 약수로 76,033-450-2541
585,강원소방본부,철원소방서,갈말,강원도 철원군 갈말읍 명성로 229,033-450-2551
586,강원소방본부,인제소방서,방호구조과(인제),강원도 인제군 인제읍 비봉로 44번길 71,033-460-9210
587,강원소방본부,인제소방서,원통,강원도 인제군 북면 원통로 276,033-461-3119
588,강원소방본부,인제소방서,기린,강원도 인제군 기린면 내린천로 4100,033-461-5119
589,강원소방본부,고성소방서,방호구조과(간성),강원도 고성군 간성읍 수성로 37-11,033-681-1119
590,강원소방본부,고성소방서,동광,강원도 고성군 토성면 동해대로 5320,033-631-1119
591,강원소방본부,고성소방서,거진,강원도 고성군 거진읍 수외길 19,033-681-7119
592,강원소방본부,양양소방서,방호구조과(양양),강원도 양양군 양양읍 남대천로 33,033-671-2119
593,강원소방본부,양양소방서,현남북,강원도 양양군 현북면 동해대로 1115-33,033-672-2119
594,충북소방본부,동부소방서_충북,동부(충북)_중앙,충북 청주시 상당구 영운로 61,043-255-0119
595,충북소방본부,동부소방서_충북,율량,충북 청주시 청원구 율봉로202번길 66-2,043-213-0119
596,충북소방본부,동부소방서_충북,북문,충북 청주시 상당구 상당로 168,043-224-1119
597,충북소방본부,동부소방서_충북,문의,충북 청주시 상당구 문의면 문의시내1길 8,043-298-7119
598,충북소방본부,동부소방서_충북,내수,충북 청주시 청원구 내수읍 청암로80,043-214-0119
599,충북소방본부,동부소방서_충북,오창,충북 청주시 청원구 오창읍 중심상업2로 30,043-216-2119
600,충북소방본부,서부소방서_충북,서부(충북)_중앙,충북 청주시 흥덕구 가경로 143,043-249-9804
601,충북소방본부,서부소방서_충북,복대,충북 청주시 흥덕구 공단로 93,043-249-9822
602,충북소방본부,서부소방서_충북,서부(충북)_남부,충북 청주시 서원구 산미로 70,043-249-9837
603,충북소방본부,서부소방서_충북,서부(충북)_사직,충북 청주시 서원구 사직대로 229,043-249-9852
604,충북소방본부,서부소방서_충북,남이,충북 청주시 서원구 청남로 866,043-249-9867
605,충북소방본부,서부소방서_충북,오송,층북 청주시 흥덕구 오송생명3로 71-5,043-249-9882
606,충북소방본부,충주소방서,충주_중앙,충북 충주시 목행산단7로 9,043-841-3331
607,충북소방본부,충주소방서,충주_남부,충북 충주시 호암대로 13,043-841-3340
608,충북소방본부,충주소방서,수안보,충북 충주시 수안보면 관동길 9-7,043-841-3350
609,충북소방본부,충주소방서,주덕,충북 충주시 주덕읍 산양로 35,043-841-3360
610,충북소방본부,충주소방서,앙성,충북 충주시 앙성면 가곡로 1019,043-841-3370
611,충북소방본부,충주소방서,연수,충북 충주시 연수동 454-30,전화공사중
612,충북소방본부,제천소방서,제천_중앙,충북 제천시 신죽하로 164,043-641-7119
613,충북소방본부,제천소방서,화산,충북 제천시 강명길 17,043-641-7310
614,충북소방본부,제천소방서,제천_봉양,충북 제천시 봉양읍 북부로1433,043-641-7340
615,충북소방본부,보은소방서,보은_중앙,충북 보은군 보은읍 남부로 4415,043-773-0215
616,충북소방본부,보은소방서,속리산,충북 보은군 속리산면 법주사로 278,043-773-0231
617,충북소방본부,보은소방서,구병산,충북 보은군 마로면 관기 송현로 78 ,043-773-0251
618,충북소방본부,옥천소방서,옥천_중앙,충북 옥천군 옥천읍 중앙로 132,043-730-1901
619,충북소방본부,옥천소방서,청산,충북 옥천군 청산면 남부로 2306,043-730-1921
620,충북소방본부,영동소방서,영동_중앙,충북 영동군 영동읍 영동황간로 174,043-740-7111
621,충북소방본부,영동소방서,황간,충북 영동군 황간면 황간로 132,043-742-4119
622,충북소방본부,증평소방서,증평_중앙,증평군 증평읍 충청대로 1789,043-836-4119
623,충북소방본부,진천소방서,진천_중앙,충북 진천군 진천읍 진광로 93,043-539-3875
624,충북소방본부,진천소방서,광혜원,충북 진천군 광혜원면 화랑길 99,043-539-8221
625,충북소방본부,진천소방서,진천_덕산,충북 진천군 덕산면 초금로 606-1,043-539-8241
626,충북소방본부,괴산소방서,괴산_중앙,충북 괴산군 괴강로 69,043-760-0216
627,충북소방본부,괴산소방서,청천,충북 괴산군 청청면 선평길 78-9,043-760-0235
628,충북소방본부,음성소방서,음성_중앙,충북 음성군 금왕읍 응천서길 11,043-877-0119
629,충북소방본부,음성소방서,음성,충북 음성군 음성읍 음성로 122,043-872-2119
630,충북소방본부,음성소방서,대소,충북 음성군 대소면 오산로 74,043-881-7119
631,충북소방본부,음성소방서,감곡,충북 음성군 감곡면 음성로 2652,043-881-3119
632,충북소방본부,단양소방서,단양_중앙,충북 단양군 단양읍 중앙1로 29 ,043-421-0119
633,충북소방본부,단양소방서,매포,충북 단양군 매포읍 평동4로 79 ,043-422-0119
634,충남소방본부,천안동남소방서,구성,충남 천안시 동남구 천안대로 580,041-570-0332
635,충남소방본부,천안동남소방서,청당,충남 천안시 동남구 광덕면 신흥리1길 148,041-570-0402
636,충남소방본부,천안동남소방서,독립,충남 천안시 동남구 목천읍 삼방로 95,041-570-0362
637,충남소방본부,천안동남소방서,병천,충남 천안시 동남구 병천면 아우내순대길 78,041-570-0382
638,충남소방본부,천안동남소방서,풍세,2018년 개서 예정,미설치
639,충남소방본부,천안서북소방서,차암,충남 천안시 서북구 직산읍 4산단 2길 32,041-360-0331
640,충남소방본부,천안서북소방서,성거,충남 천안시 서북구 성거읍 천흥8길 11,041-360-0361
641,충남소방본부,천안서북소방서,서부,충남 천안시 서북구 양지18길 22,041-360-0381
642,충남소방본부,천안서북소방서,두정,충남 천안시 서북구 성정동 1공단 2길 16,041-360-0401
643,충남소방본부,천안서북소방서,성환,충남 천안시 서북구 성환읍 성환1로 395,041-360-0421
644,충남소방본부,천안서북소방서,쌍용,충남 천안시 서북구 월봉로 78,041-360-0441
645,충남소방본부,천안서북소방서,입장,충남 천안시 서북구 망향로 1107,041-360-0461
646,충남소방본부,천안서북소방서,직산,2018년 개서 예정,미설치
647,충남소방본부,천안서북소방서,불당,2018년 개서 예정,미설치
648,충남소방본부,공주소방서,공주_교동,충남 공주시 무령로 55,041-851-0212
649,충남소방본부,공주소방서,유구,충남 공주시 유구읍 유구외곽로 368,041-851-0362
650,충남소방본부,공주소방서,신관,충남 공주시 의당로 31,041-851-0382
651,충남소방본부,공주소방서,동학사,충남 공주시 반포면 동학사1로 110,041-851-0402
652,충남소방본부,공주소방서,공주_계룡,충남 공주시 계룡면 월암송정길 18,041-851-0422
653,충남소방본부,보령소방서,죽정,충남 보령시 대천로 122,041-930-0333
654,충남소방본부,보령소방서,신흑,충남 보령시 대천항로 205,041-930-0361
655,충남소방본부,보령소방서,웅천,충남 보령시 웅천읍 충서로 947,041-930-0381
656,충남소방본부,보령소방서,오천,충남 보령시 오천면 소성안길 47,041-930-0401
657,충남소방본부,보령소방서,주포,충남 보령시 주포면 질재로 47-16,041-930-0421
658,충남소방본부,아산소방서,모종,충남 아산시 문화로 293,041-538-0332
659,충남소방본부,아산소방서,둔포,충남 아산시 둔포면 충무로 1848,041-538-0362
660,충남소방본부,아산소방서,신창,충남 아산시 신창면 순천향로 48,041-538-0382
661,충남소방본부,아산소방서,인주,충남 아산시 인주면 공세길 19,041-538-0402
662,충남소방본부,아산소방서,배방,충남 아산시 배방읍 배방로 38,041-538-0422
663,충남소방본부,아산소방서,탕정,충남 아산시 탕정면 탕정로 26,041-538-0442
664,충남소방본부,아산소방서,장재,2018년 개서 예정,미설치
665,충남소방본부,서산소방서,서산_예천,충남 서산시 호수공원 14로 26-4(예천동),041-689-0330
666,충남소방본부,서산소방서,서산_대산,충남 서산시 대산읍 망일산로 831-15,041-689-0362
667,충남소방본부,서산소방서,서산_동부,충남 서산시 학동3로53(동문동),041-689-0382
668,충남소방본부,서산소방서,해미,충남 서산시 해미면  성지3길 33,041-689-0402
669,충남소방본부,서산소방서,부석,충남 서산시 부석면 강경벌로 10,041-689-0422
670,충남소방본부,서산소방서,성연,충남 서산시 성연면 일람리 1071,041-689-0442
671,충남소방본부,논산소방서,논산_내동,충남 논산시 대학로 17,041-730-0332
672,충남소방본부,논산소방서,반월,충남 논산시 해월로 153-1,041-730-0402
673,충남소방본부,논산소방서,강경,충남 논산시 강경읍 동안로 3,041-730-0362
674,충남소방본부,논산소방서,연무,충남 논산시 연무읍 동안로 1137,041-730-0382
675,충남소방본부,논산소방서,논산_연산,충남 논산시 연산면 관창로 54,041-730-0422
676,충남소방본부,계룡소방서,계룡,충남 계룡시 두마면 사계로 170,042-540-5332
677,충남소방본부,계룡소방서,엄사,2018년 개서 예정,미설치
678,충남소방본부,당진소방서,당진,충남 당진시 역천로 838(채운동),041-350-5300
679,충남소방본부,당진소방서,합덕,충남 당진시 우강면 중방로 2,041-350-5382
680,충남소방본부,당진소방서,송악,충남 당진시 송악읍 송악로 1019,041-350-5402
681,충남소방본부,당진소방서,석문,충남 당진시 석문면 보덕포로 1069-21,041-350-5362
682,충남소방본부,당진소방서,당진_신평,충남 당진시 신평면 신평길 133,041-350-5422
683,충남소방본부,당진소방서,기지시,충남 당진시 송악읍 틀모시로 844,041-350-5442
684,충남소방본부,금산소방서,금산_금산,충남 금산군 금산읍 삼풍로 2,041-750-1331
685,충남소방본부,금산소방서,추부,충남 금산군 추부면 삼육로 47,041-750-1362
686,충남소방본부,금산소방서,복진,충남 금산군 진산면 읍내로 47-1,041-750-1382
687,충남소방본부,부여소방서,백제,충남 부여군 규암면 계백로 17,041-830-0212
688,충남소방본부,부여소방서,사비,충남 부여군 부여읍 북포로 29,041-830-0362
689,충남소방본부,부여소방서,임천,충남 부여군 임천면 성흥로 179번길 1,041-830-0402
690,충남소방본부,부여소방서,홍산,충남 부여군 홍산면 북토로 89,041-830-0382
691,충남소방본부,부여소방서,외산,충남 부여군 외산면 만수로 235,041-830-0422
692,충남소방본부,서천소방서,서천_장항,충남 서천군 장항읍 장항로 37,041-955-0332
693,충남소방본부,서천소방서,서천,충남 서천군 서천읍 충절로49번길 33-8,041-955-0362
694,충남소방본부,서천소방서,한산,충남 서천군 한산면 충절로 1164,041-955-0422
695,충남소방본부,서천소방서,비인,충남 서천군 비인면 비인로 141,041-955-0382
696,충남소방본부,서천소방서,서면,충남 서천군 서면 부사로 153,041-955-0402
697,충남소방본부,홍성소방서,구룡,충남 홍성군 홍성읍 충절로 741 ,041-630-0312
698,충남소방본부,홍성소방서,옥암,충남 홍성군 홍성읍 충서로 1258,041-632-0119
699,충남소방본부,홍성소방서,광천,충남 홍성군 광천읍 충서로 354,041-641-2119
700,충남소방본부,홍성소방서,갈산,충남 홍성군 갈산면 갈산로150번길 16,041-633-2119
701,충남소방본부,홍성소방서,내포,충남 홍성군 홍북읍 의향로 133,041-635-9119
702,충남소방본부,예산소방서,오가,충남 예산군 오가면 오가중앙로 111,041-330-4331
703,충남소방본부,예산소방서,예산_금오,충남 예산군 예산읍 예당관광로 760,041-330-4361
704,충남소방본부,예산소방서,삽교,충남 예산군 삽교읍 삽교로1길 34,041-330-4381
705,충남소방본부,예산소방서,예산_덕산,충남 예산군 덕산면 도청대로 1160,041-330-4401
706,충남소방본부,태안소방서,태안_태안,충남 태안군 태안읍 동백로 100 ,041-671-0334
707,충남소방본부,태안소방서,안면,충남 태안군 안면읍 장터로 77,041-671-0363
708,충남소방본부,태안소방서,원북,충남 태안군 원북면 원이로 1031,041-671-0383
709,충남소방본부,태안소방서,근흥,충남 태안군 근흥면 신진도리 249,041-671-0402
710,충남소방본부,청양소방서,청양,충남 청양군 청양읍 충절로 1187,041-940-7252
711,충남소방본부,청양소방서,정산,충남 청양군 정산면 서정4길 49,041-940-7362
712,전북소방본부,전주덕진소방서,금암,전북 전주시 덕진구 백제대로 611,063-250-4272
713,전북소방본부,전주덕진소방서,팔복,전북 전주시 덕진구 온고을로 430,063-250-4273
714,전북소방본부,전주덕진소방서,전미,전북 전주시 덕진구 과학로 144,063-250-4274
715,전북소방본부,전주덕진소방서,삼례,전북 완주군 삼례읍 삼례역로 27,063-250-4275
716,전북소방본부,전주덕진소방서,봉동,전북 완주군 봉동읍 완주산단5로 89,063-250-4276
717,전북소방본부,전주덕진소방서,아중,전북 전주시 덕진구 진버들4길 16,063-250-4277
718,전북소방본부,전주덕진소방서,전주덕진_고산,전북 완주군 고산면 고산로 49,063-250-4278
719,전북소방본부,전주완산소방서,전주완산_효자,전북 전주시 완산구 거마평로 73,063-220-4272
720,전북소방본부,전주완산소방서,서부,전북 전주시 완산구 우전로 228,063-220-4278
721,전북소방본부,전주완산소방서,전주완산_교동,전북 전주시 완산구 경기전길 183,063-220-4273
722,전북소방본부,전주완산소방서,노송,전북 전주시 완산구 관선4길 38,063-220-4274
723,전북소방본부,전주완산소방서,평화,전북 전주시 완산구 평화로 105,063-220-4275
724,전북소방본부,전주완산소방서,혁신,전북 완주군 이서면 지사제2로 12,063-220-4217
725,전북소방본부,전주완산소방서,임실,전북 임실읍 봉황8길 31,063-220-4276
726,전북소방본부,군산소방서,사정,전북 군산시 번영로 308 1층,063-450-0272
727,전북소방본부,군산소방서,금동,전북 군산시 군산창길 1,063-450-0274
728,전북소방본부,군산소방서,군산_항만,전북 군산시 임해로 462 ,063-450-0275
729,전북소방본부,군산소방서,비응,전북 군산시 새만금북로 43 ,063-450-0279
730,전북소방본부,군산소방서,지곡,전북 군산시 백토로 223 ,063-450-0273
731,전북소방본부,군산소방서,경암,전북 군산시 구암3.1로 147 ,063-450-0277
732,전북소방본부,군산소방서,소룡,전북 군산시 공단대로 632 ,063-450-0276
733,전북소방본부,군산소방서,대야,전북 군산시 대야면 대야관통로 134 ,063-450-0278
734,전북소방본부,익산소방서,팔봉,전북 익산시 무왕로 1338,063-839-3272
735,전북소방본부,익산소방서,남중,전북 익산시 인북로 226,063-839-3274
736,전북소방본부,익산소방서,익산_공단,전북 익산시 선화로 429,063-839-3275
737,전북소방본부,익산소방서,인화,전북 익산시 목천로 301,063-839-3276
738,전북소방본부,익산소방서,익산_모현,전북 익산시 배산로 181,063-839-3273
739,전북소방본부,익산소방서,함열,전북 익산시 황등면 황등서로 55,063-839-3277
740,전북소방본부,익산소방서,금마,전북 익산시 함열읍 함열중앙로 133,063-839-3278
741,전북소방본부,정읍소방서,하북,전북 정읍시 서부산업도로 507-5,063-570-1272
742,전북소방본부,정읍소방서,시기,전북 정읍시 정읍남로 1421,063-570-1273
743,전북소방본부,정읍소방서,신태인,전북 정읍시 정신로 1241,063-570-1274
744,전북소방본부,정읍소방서,영원,전북 정읍시 영원면 영원로 1048,063-570-1275
745,전북소방본부,남원소방서,식정,전북 남원시 요천로 1965,063-620-3772
746,전북소방본부,남원소방서,인월,전북 남원시 인월면 황산로 1828,063-620-3774
747,전북소방본부,남원소방서,금지,전북 남원시 금지면 요천로 430,063-620-3775
748,전북소방본부,남원소방서,순창,전북 순창군 순창읍 교성로 24,063-620-3773
749,전북소방본부,김제소방서,김제_교동,전북 김제시 벽성로 278,063-540-4272
750,전북소방본부,김제소방서,만경,전북 김제시 만경읍 만경공단1길 7,063-540-4273
751,전북소방본부,김제소방서,김제_금산,전북 김제시 금산면 금산사로 29,063-540-4274
752,전북소방본부,고창소방서,고창,전북 고창군 고창읍 녹두로 1294,063-560-1272
753,전북소방본부,고창소방서,무장,전북 고창군 무장면 무장남북로 20-5,063-560-1273
754,전북소방본부,고창소방서,흥덕,전북 고창군 흥덕면 문화2길 21,063-560-1274
755,전북소방본부,고창소방서,고창_대산,전북 고창군 대산면 공음대산로 932,063-560-1275
756,전북소방본부,부안소방서,부안,전북 부안군 행안면 변산로 86,063-580-1272
757,전북소방본부,부안소방서,격포,전북 부안군 변산면 격포항길 64-17,063-580-1273
758,전북소방본부,무진장소방서,장계,전북 장수군 장계면 육십령로 136,063-350-6272
759,전북소방본부,무진장소방서,진안,전북 진안군 진안읍 진무로 1179,063-350-6273
760,전북소방본부,무진장소방서,마령,전북 진안군 마령면 임진로 2077-24,063-350-6276
761,전북소방본부,무진장소방서,무주,전북 무주군 무주읍 당산강변로 126,063-350-6274
762,전북소방본부,무진장소방서,장수,전북 장수군 호비로 42,063-350-6275
763,전남소방본부,목포소방서,하당,전남 전남 목포시 삼향천로 110,061-280-0890
764,전남소방본부,목포소방서,호남,전남 목포시 영산로 165,061-280-0925
765,전남소방본부,목포소방서,경동,전남 목포시 유동로 42번길 1,061-280-0930
766,전남소방본부,목포소방서,삼학,전남 목포시 삼학로 218,061-280-0935
767,전남소방본부,목포소방서,연산,전남 목포시 산정공단로 64,061-280-0940
768,전남소방본부,목포소방서,지도,전남 신안군 지도읍 해제지도로 1304,061-280-0945
769,전남소방본부,목포소방서,안좌,전남 신안군 안좌면 중부로 884,061-280-0950
770,전남소방본부,여수소방서,학동,전남 여수시 망마로 20,061-680-0890
771,전남소방본부,여수소방서,소라,전남 여수시 소라면 여순로 297,061-680-0955
772,전남소방본부,여수소방서,평여,전남 여수시 여수산단로 321(평여동),061-680-0940
773,전남소방본부,여수소방서,연등,전남 여수시 좌수영로 162(연등동),061-680-0925
774,전남소방본부,여수소방서,여서,전남 여수시 문수로 131(문수동),061-680-0945
775,전남소방본부,여수소방서,봉산,전남 여수시 어항단지로 222-5(남산동),061-680-0935
776,전남소방본부,여수소방서,돌산,전남 여수시 돌산읍 강남로 34,061-680-0950
777,전남소방본부,순천소방서,서면,전남 순천시 서면 삼산로 281,061-750-0890
778,전남소방본부,순천소방서,저전,전남 순천시 중앙로 19,061-750-0926
779,전남소방본부,순천소방서,왕조,전남 순천시 기적의도서관 1길 30,061-750-0931
780,전남소방본부,순천소방서,연향,전남 순천시 연향1로 26,061-750-0941
781,전남소방본부,순천소방서,승주,전남 순천시 승주읍 승평길 19,061-750-0936
782,전남소방본부,순천소방서,해룡,전남 순천시 해룡면 율촌제1산업단지 2블럭,061-750-0951
783,전남소방본부,순천소방서,구례,전남 구례군 구례읍 양정4길 37,061-750-0946
784,전남소방본부,나주소방서,경현,전남 나주시 예향로 4201,061-330-0890
785,전남소방본부,나주소방서,이창,전남 나주시 이창택지길 6-13,061-330-0925
786,전남소방본부,나주소방서,남평,전남 나주시 남평읍 지석로 106,061-330-0930
787,전남소방본부,나주소방서,빛가람,전남 나주시 그린로 296,061-330-0935
788,전남소방본부,광양소방서,중마,전남 광양시 중마중앙로 109,061-798-0890
789,전남소방본부,광양소방서,금호,전남 광양시 희망길 12-12(금호동) ,061-798-0935
790,전남소방본부,광양소방서,광영,전남 광양시 금영로 87(광영동),061-798-0930
791,전남소방본부,광양소방서,광양,전남 광양시 광양읍 서변천로 175,061-798-0925
792,전남소방본부,담양소방서,담양,전남 담양군 담양읍 추성로 1232,061-380-0890
793,전남소방본부,담양소방서,곡성,전남 곡성군 곡성읍 학교로 7 ,061-380-0926
794,전남소방본부,담양소방서,옥과,전남 곡성군 옥과면 리문6길 29 ,061-380-0931
795,전남소방본부,담양소방서,장성,전남 장성군 장성읍 단풍로 204 ,061-380-0936
796,전남소방본부,담양소방서,삼계,전남 장성군 삼계면 영장로 1632,061-380-0941
797,전남소방본부,고흥소방서,고흥,전남 고흥군 풍양면 고흥로 1330,061-840-0890
798,전남소방본부,고흥소방서,과역,"전남 고흥군 과역면 석봉리 1599-1,2",061-840-0978
799,전남소방본부,고흥소방서,도양,전남 고흥군 도양읍 녹동신항5길 4,061-840-0925
800,전남소방본부,보성소방서,벌교,전남 보성군 벌교읍 녹색로 5247,061-859-0890
801,전남소방본부,보성소방서,보성,전남 보성군 보성읍 송재로 160,061-859-0925
802,전남소방본부,보성소방서,홍교,전남 보성군 벌교읍 홍암로 116-4,061-859-0930
803,전남소방본부,화순소방서,화순,전남 화순군 화순읍 학포로 2750,061-379-0890
804,전남소방본부,화순소방서,동복,전남 화순군 동복면 칠정1길 14,061-379-0972
805,전남소방본부,화순소방서,능주,전남 화순군 능주면 지석로 1428,061-379-0925
806,전남소방본부,강진소방서,강진,전남 강진군 군동면 중앙로 223,061-430-0890
807,전남소방본부,강진소방서,장흥,전남 장흥군 장흥읍 평화우산길 22,061-430-0926
808,전남소방본부,강진소방서,관산,전남 장흥군 관산읍 관산우회로 103,061-430-0931
809,전남소방본부,해남소방서,해남,전남 해남군 해남읍 교육청길 82,061-530-0890
810,전남소방본부,해남소방서,송지,전남 해남군 송지면 미야길 237-3,061-530-0942
811,전남소방본부,해남소방서,완도,전남 완도군 완도읍 장보고대로 103,061-530-0926
812,전남소방본부,해남소방서,고금,완도군 고금면 고금동로 266,061-530-0936
813,전남소방본부,해남소방서,진도,전남 진도군 진도읍 진도대로 6945,061-530-0932
814,전남소방본부,영암소방서,삼호,전남 영암군 삼호읍 나불로 192,061-460-0890
815,전남소방본부,영암소방서,영암,전남 영암군 영암읍 월출로 46,061-460-0925
816,전남소방본부,무안소방서,무안,전남 무안군 무안읍 공항로 133,061-450-0890
817,전남소방본부,무안소방서,일로,전남 무안군 일로읍 삼일로 493-1,061-450-0925
818,전남소방본부,무안소방서,해제,전남 무안군 해제면 현해로 1621,061-450-0930
819,전남소방본부,무안소방서,남악,전남 무안군 삼향읍 남악5로72번길81-18,061-450-0935
820,전남소방본부,함평소방서,함평,함평군 대동면 함장로 1202-93,061-338-0890
821,전남소방본부,영광소방서,영광,전남 영광군 영광읍 함영로 3508,061-350-0890
822,전남소방본부,영광소방서,홍농,전남 영광군 홍농읍 홍농로 543,061-350-0925
823,경북소방본부,포항북부소방서, 포항북부_덕산 ,경상북도 포항시 북구 중앙로 332,054-260-2400
824,경북소방본부,포항북부소방서, 두호 ,경상북도 퐁항시 북구 삼호로 305,054-260-2410
825,경북소방본부,포항북부소방서, 흥해 ,경상북도 포항시 북구 흥해읍 중성로 67,054-260-2420
826,경북소방본부,포항북부소방서, 장량 ,경상북도 포항시 북구 법원로 158,054-260-2430
827,경북소방본부,포항남부소방서, 일월 ,경상북도 포항시 남구 동해안로 5890,054-284-2725
828,경북소방본부,포항남부소방서, 해도 ,경상북도 포항시 남구 중앙로 118,054-281-1119
829,경북소방본부,포항남부소방서, 제철 ,경상북도 포항시 남구 철강로 360,054-286-0119
830,경북소방본부,포항남부소방서, 연일 ,경상북도 포항시 남구 연일읍 철강로 10 (연일119안전센터),054-286-1119
831,경북소방본부,포항남부소방서, 효자 ,경상북도 포항시 남구 지곡로212번길 45,054-273-2119
832,경북소방본부,포항남부소방서, 오천 ,경상북도 포항시 남구 오천읍 해병로 369,054-292-0119
833,경북소방본부,포항남부소방서, 구룡포 ,경상북도 포항시 남구 구룡포읍 호미로 265,054-284-0119
834,경북소방본부,포항남부소방서, 울릉 ,경상북도 울릉군 울릉읍 울릉순환로 415,054-791-2119
835,경북소방본부,경주소방서, 황오 ,경상북도 경주시 알천남로 276,054-778-0601
836,경북소방본부,경주소방서, 경주_동부 ,경상북도 경주시 중앙로 59,054-778-0611
837,경북소방본부,경주소방서, 불국사 ,경상북도 경주시 불국신택지4길 4,054-778-0621
838,경북소방본부,경주소방서, 보문 ,경상북도 경주시 경감로 587-8,054-778-0631
839,경북소방본부,경주소방서, 용황 ,경상북도 경주시 공단로 25,054-778-0641
840,경북소방본부,경주소방서, 안강 ,경상북도 경주시 안강읍 안강중앙로 146,054-778-0651
841,경북소방본부,경주소방서, 경주_외동 ,경상북도 경주시 외동읍 입실로1길 78-15,054-778-0661
842,경북소방본부,경주소방서, 감포 ,경상북도 경주시 감포읍 감포로8길 14-6,054-778-0671
843,경북소방본부,경주소방서, 건천 ,경상북도 경주시 건천읍 내서로 1065,054-778-0681
844,경북소방본부,김천소방서, 지좌 ,경상북도 김천시 황산로 67,054-436-0118
845,경북소방본부,김천소방서, 다수 ,경상북도 김천시 영남대로 1246,054-430-0119
846,경북소방본부,김천소방서, 대광 ,경상북도 김천시 공단로 152-36,054-432-0119
847,경북소방본부,김천소방서, 지례 ,경상북도 김천시 지례면 장터길 115,054-435-0119
848,경북소방본부,김천소방서, 아포 ,경상북도 김천시 아포읍 아포공단길 45,054-439-0119
849,경북소방본부,안동소방서, 법흥 ,경상북도 안동시 육사로 301,054-854-6119
850,경북소방본부,안동소방서, 용상 ,경상북도 안동시 마들6길 27,054-821-1119
851,경북소방본부,안동소방서, 풍산 ,경상북도 안동시 풍산읍 풍산태사로 1162,054-858-4119
852,경북소방본부,안동소방서, 안동_옥동 ,경상북도 안동시 광명로 85,054-853-6119
853,경북소방본부,안동소방서, 청송 ,경상북도 청송군 청송읍 길안청송로 1630,054-873-1119
854,경북소방본부,안동소방서, 영양 ,경상북도 영양군 영양읍 군민회관길 42-14,054-682-3119
855,경북소방본부,안동소방서, 진보 ,경상북도 청송군 진보면 청송로 6346,054-874-5119
856,경북소방본부,안동소방서, 안동_입암 ,경상북도 영양군 입암면 입암로 153,054-682-4119
857,경북소방본부,구미소방서, 구미_공단 ,경상북도 구미시 수출대로 112,054-461-3119
858,경북소방본부,구미소방서, 구미_송정 ,경상북도 구미시 백산로 207,054-452-0119
859,경북소방본부,구미소방서, 원평 ,경상북도 구미시 산업로 174,054-454-6119
860,경북소방본부,구미소방서, 구미_봉곡 ,경상북도 구미시 봉곡동로 48,054-452-2119
861,경북소방본부,구미소방서, 인동 ,경상북도 구미시 이계북로 147,054-471-0119
862,경북소방본부,구미소방서, 선산 ,경상북도 구미시 선산읍 선산대로 1400-13,054-482-0119
863,경북소방본부,구미소방서, 해평 ,경상북도 구미시 해평면 강동로 1663,054-474-4119
864,경북소방본부,구미소방서, 상림 ,경상북도 구미시 상림로 45,054-465-9116
865,경북소방본부,구미소방서, 구미_옥계 ,경상북도 구미시 산동면 산호대로41길 4,054-471-5119
866,경북소방본부,구미소방서, 고아 ,경상북도 구미시 고아읍 선산대로 821,054-481-3119
867,경북소방본부,영주소방서, 문수 ,경상북도 영주시 문수면 적서로448번길17,054-630-0401
868,경북소방본부,영주소방서, 가흥 ,경상북도 영주시 선비로 181,054-630-0441
869,경북소방본부,영주소방서, 풍기 ,경상북도 영주시 풍기읍 기주로 159,054-630-0411
870,경북소방본부,영주소방서, 봉화 ,경상북도 봉화군 봉화읍 문수로 42,054-630-0421
871,경북소방본부,영주소방서, 춘양 ,경상북도 봉화군 춘양면 소천로 22,054-630-0431
872,경북소방본부,영주소방서, 명호 ,경상북도 봉화군 명호면 도천길 18-46,054-630-0451
873,경북소방본부,영천소방서, 영천_동부 ,경상북도 영천시 호국로 187,054-334-2119
874,경북소방본부,영천소방서, 영천_남부 ,경상북도 영천시 한방로 176-0,054-339-6949  
875,경북소방본부,영천소방서, 영천_금호 ,경상북도 영천시 금호읍 오계공단길 5,054-334-0119
876,경북소방본부,영천소방서, 신녕 ,경상북도 영천시 신령면 어릿골길 11,054-332-9119
877,경북소방본부,상주소방서, 서성 ,경상북도 상주시 상산로 322,054-533-2119
878,경북소방본부,상주소방서, 함창 ,경상북도 상주시 함창읍 가야로 46-1,054-541-3119
879,경북소방본부,상주소방서, 청리 ,경상북도 상주시 청리면 마공공단로 152,054-534-9119
880,경북소방본부,상주소방서, 화서(신설) ,경상북도 상주시 화서면 상현무동길 5,054-533-0119
881,경북소방본부,문경소방서, 점촌 ,경상북도 문경시 중앙로 305,054-555-2119
882,경북소방본부,문경소방서, 모전 ,경상북도 문경시 모전로 173,054-555-5119
883,경북소방본부,문경소방서, 가은 ,경상북도 문경시 가은읍 가은로 126,054-571-5119
884,경북소방본부,문경소방서, 문경 ,경상북도 문경시 문경읍 새재로 501,054-571-0119
885,경북소방본부,문경소방서, 문경_예천 ,경상북도 예천군 예천읍 양궁로 61-12,054-654-2119
886,경북소방본부,문경소방서, 지보 ,경상북도 예천군 지보면 지보로 247,054-653-3119
887,경북소방본부,문경소방서, 도청(신설) ,경상북도 예천군 호명면 도청대로 19,054-559-2671
888,경북소방본부,경산소방서, 압량 ,경상북도 경산시 압량면 김유신로 12,053-813-1119
889,경북소방본부,경산소방서, 경산_중앙 ,경상북도 경산시 장산로 143,053-813-0119
890,경북소방본부,경산소방서, 하양 ,경상북도 경산시 하양읍 대경로 793,053-852-0119
891,경북소방본부,경산소방서, 진량 ,경상북도 경산시 진량읍 공단2로 72,053-856-0119
892,경북소방본부,경산소방서, 자인 ,경산북도 경산시 자인면 금학로 25-11,053-857-2119
893,경북소방본부,의성소방서, 의성_봉양 ,경상북도 의성군 봉양면 경북대로 4741,054-834-8119
894,경북소방본부,의성소방서, 의성 ,경상북도 의성군 의성읍 홍술로 187,054-834-7119
895,경북소방본부,의성소방서, 안계 ,경상북도 의성군 안계면 안계길 100,054-861-0119
896,경북소방본부,의성소방서, 군위 ,경상북도 군위군 군위읍 군위공단길 65,054-383-0119
897,경북소방본부,의성소방서, 의흥 ,경상북도 군위군 의흥면 읍내길 23,054-382-7119
898,경북소방본부,영덕소방서, 영덕 ,경상북도 영덕군 영덕읍 경동로 8401,054-734-2119
899,경북소방본부,영덕소방서, 강구 ,경상북도 영덕군 강구면 강산로 38,054-733-4119
900,경북소방본부,영덕소방서, 영해 ,경상북도 영덕군 영해면 창수영해로 481,054-732-0119
901,경북소방본부,경산소방서, 청도 ,경상북도 청도군 청도읍 중앙로 192-34,054-373-0119
902,경북소방본부,경산소방서, 풍각 ,경상북도 청도군 풍각면 송서로 64,054-372-2119
903,경북소방본부,경산소방서, 경산_금천 ,경상북도 청도군 금천면 청려로 4363,054-372-3119
904,경북소방본부,고령소방서, 대가야 ,경상북도 고령군 대가야읍 벽화길18,054-954-0119
905,경북소방본부,고령소방서, 다산 ,경상북도 고령군 다산면 다산로 506,054-955-6119
906,경북소방본부,성주소방서, 성주 ,경상북도 성주군 성주읍 주산로 193,054-930-5606
907,경북소방본부,성주소방서, 선남(신설) ,경상북도 성주군 선남면 도성3길 39-17,054-930-5620
908,경북소방본부,칠곡소방서, 왜관 ,경상북도 칠곡군 기산면 칠곡대로 1216,054-976-7119
909,경북소방본부,칠곡소방서, 칠곡_북삼 ,경상북도 칠곡군 북삼읍 안산2길 46,054-973-4119
910,경북소방본부,칠곡소방서, 칠곡_금산 ,경상북도 칠곡군 왜관읍 공단로 194,054-971-2119
911,경북소방본부,칠곡소방서, 칠곡_가산 ,경상북도 칠곡군 가산면 다부원1길 57,054-974-0119
912,경북소방본부,칠곡소방서, 석적 ,경상북도 칠곡군 석적읍 유학로 140,054-973-2119
913,경북소방본부,울진소방서, 울진 ,경상북도 울진군 울진읍 울진북로 508,054-780-1401
914,경북소방본부,울진소방서, 죽변 ,경상북도 울진군 죽변면 하죽로 1841,054-780-1411
915,경북소방본부,울진소방서, 후포 ,경상북도 울진군 후포면 실배길 28-1,054-780-1421
916,경북소방본부,울진소방서, 온정 ,경상북도 울진군 온정면 백암온천로 1315,054-780-1431
917,경남소방본부,진주소방서,상대,경남 진주시 동진로 249,055-760-9360
918,경남소방본부,진주소방서,중앙,경남 진주시 북장대로 64번길 14,055-760-9370
919,경남소방본부,진주소방서,천전,경남 진주시 강남로 167번길 16,055-760-9380
920,경남소방본부,진주소방서,평거,경남 진주시 순환로 565,055-760-9390
921,경남소방본부,진주소방서,문산,경남 진주시 문산읍 월아산로 979,055-160-9400
922,경남소방본부,통영소방서,죽림,경남 통영시 광도면 죽림4로 49,055-640-9361
923,경남소방본부,통영소방서,무전,경남 통영시 원문로 71,055-640-9422
924,경남소방본부,통영소방서,서호,경남 통영시 중앙로 91-8,055-640-9371
925,경남소방본부,통영소방서,도남,경남 통영시 도남로257,055-640-9385
926,경남소방본부,사천소방서,동금,경남 사천시 남일로 29,055-830-4000
927,경남소방본부,사천소방서,사남,경남 사천시 사남면 공단2로 53,055-830-9410
928,경남소방본부,사천소방서,사천읍,경남 사천시 사천읍 무산로 21,055-830-9420
929,경남소방본부,사천소방서,곤양,경남 사천시 곤양면 곤북로 64,055-850-9430
930,경남소방본부,김해동부소방서,삼정,경남 김해시 김해대로 2507,055-320-9360
931,경남소방본부,김해동부소방서,동상,경남 김해시 분성로 335번지 38-1,055-320-9370
932,경남소방본부,김해동부소방서,내외,경남 김해시 내외로 77,055-320-9380
933,경남소방본부,김해동부소방서,상동,경남 김해시 상동면 상동로 637,055-320-9460
934,경남소방본부,김해동부소방서,생림,경남 김해시 생림면 봉림로 106,055-320-9440
935,경남소방본부,김해동부소방서,북부,경남 김해시 해반천로 166,055-320-9470
936,경남소방본부,김해서부소방서,진영,경남 김해시 진영읍 장등로 4,055-344-9380
937,경남소방본부,김해서부소방서,장유,경남 김해시 장유면 번화2로 12,055-344-9360
938,경남소방본부,김해서부소방서,진례,경남 김해시 진례면 담안로 50,055-344-9370
939,경남소방본부,김해서부소방서,한림,경남 김해시 한림면 한림로 401번길 50,055-344-9410
940,경남소방본부,김해서부소방서,주촌,경남 김해시 주촌면 서부로 1784,055-344-9390
941,경남소방본부,밀양소방서,삼문,경남 밀양시 밀양대로 1760,055-350-9362
942,경남소방본부,밀양소방서,하남,경남 밀양시 하남읍 명례로 108,055-350-9385
943,경남소방본부,밀양소방서,가곡,경남 밀양시 용두로 5,055-350-9374
944,경남소방본부,밀양소방서,삼랑진,경남 밀양시 삼랑진읍 삼랑진로 16-3,055-350-9392
945,경남소방본부,밀양소방서,산동,경남 밀양시 산외면 산외로 679,055-350-9402
946,경남소방본부,거제소방서,장승포,경남 거제시 능포로 77,055-689-9370
947,경남소방본부,거제소방서,옥포,경남 거제시 진목로 1,055-689-9361
948,경남소방본부,거제소방서,신현,경남 거제시 계룡로 52,055-689-9380
949,경남소방본부,거제소방서,거제,경남 거제시 거제면 거제남서로 3429,055-689-9400
950,경남소방본부,거제소방서,연초,경남 거제시 연초면 거제북로1,055-689-9410
951,경남소방본부,거제소방서,동부,경남 거제시 동부면 거제대로 957,055-689-9420
952,경남소방본부,양산소방서,중앙,경남 양산시 신기로 13 ,055-379-9370
953,경남소방본부,양산소방서,웅상,경남 양산시 웅상대로 1120,055-379-9380
954,경남소방본부,양산소방서,물금,경남 양산시 물금읍 황산로 719,055-379-9360
955,경남소방본부,양산소방서,하북,경남 양산시 하북면 양산대로 2255-38,055-379-9390
956,경남소방본부,양산소방서,중부,경남 양산시 양산역 6길 27,055-379-9330
957,경남소방본부,양산소방서,평산,경남 양산시 내연4길 9,055-379-9320
958,경남소방본부,의령소방서,의령,경남 의령군 의령읍 의병로 108-17,055-570-9310
959,경남소방본부,의령소방서,부림,경남 의령군 부림면 대한로 1666,055-570-9320
960,경남소방본부,함안소방서,가야,경남 함안군 가야읍 선왕길 59,055-580-9300
961,경남소방본부,함안소방서,칠원,경남 함안군 칠원읍 용산2길 121,055-580-9330
962,경남소방본부,함안소방서,군북,경남 함안군 군북면 함마대로 760,055-580-9340
963,경남소방본부,창녕소방서,창녕,경남 창녕군 대지면 우포2로 1097,055-259-9360
964,경남소방본부,창녕소방서,남지,경남 창녕군 남지읍 동포로 64,055-259-9370
965,경남소방본부,창녕소방서,부곡,경남 창녕군 부곡면 원앙로 184,055-259-9380
966,경남소방본부,고성소방서,고성,경남 고성군 고성읍 남해안대로 2670,055-670-9310
967,경남소방본부,고성소방서,회화,경남 고성군 회화면 영희로 2211,055-670-9320
968,경남소방본부,고성소방서,거류,경남 고성군 거류면 봉암 1길 9,055-670-9340
969,경남소방본부,남해소방서,남해,경남 남해군 남해읍 스포츠로 81,055-860-9360
970,경남소방본부,남해소방서,삼동,경남 남해군 삼동면 동부대로 1795,055-860-9370
971,경남소방본부,하동소방서,금성,경남 하동군 금성면 금성로 15,055-880-9322
972,경남소방본부,하동소방서,하동,경남 하동군 적량면 공설운동장로 169,055-880-9360
973,경남소방본부,하동소방서,진교,경남 하동군 진교면 진양로 27,055-880-9370
974,경남소방본부,산청소방서,산청,경남 산청군 산청읍 중앙로 76-7,055-970-9310
975,경남소방본부,산청소방서,단성,경남 산청군 단성면 사직단로 447-8,055-970-9320
976,경남소방본부,함양소방서,함양,경남 함양군 함양읍 인당 강변길 58,055-960-9311
977,경남소방본부,함양소방서,안의,경남 함양군 안의면 금성길 19,055-960-9321
978,경남소방본부,거창소방서,대평,경남 거창군 거창읍 거함대로 3324,055-940-9361
979,경남소방본부,거창소방서,위천,경남 거창군 위천면 원학길 321,055-940-9371
980,경남소방본부,거창소방서,가조,경남 거창군 가조면 마상3길 32,055-940-9381
981,경남소방본부,합천소방서,합천,경남 합천군 합천읍 인덕로 2453,055-930-9300
982,경남소방본부,합천소방서,초계,경남 합천군 초계면 양동로 6-16,055-930-9320
983,제주소방본부,제주소방서,이도,제주특별자치도 제주시 중앙로 342,064-756-1175
984,제주소방본부,제주소방서,삼도,제주특별자치도 제주시 탑동로 101,064-756-4258
985,제주소방본부,제주소방서,오라,제주특별자치도 제주시 서광로2길 24,064-756-1176
986,제주소방본부,제주소방서,연동,제주특별자치도 제주시 문송길 14,064-743-2119
987,제주소방본부,제주소방서,항만,제주특별자치도 제주시 임항로 146,064-756-1178
988,제주소방본부,제주소방서,화북,제주특별자치도 제주시 동화로1길 3,064-726-6119
989,제주소방본부,제주소방서,노형,제주특별자치도 제주시 광평동로 2,064-742-5119
990,제주소방본부,서귀포소방서,동홍,제주특별자치도 서귀포시 동홍로 31,064-762-1119
991,제주소방본부,서귀포소방서,중문,제주특별자치도 서귀포시 천제연로 164 ,064-738-0119
992,제주소방본부,서귀포소방서,대륜,제주특별자치도 서귀포시 신중로 46 ,064-739-0119
993,제주소방본부,서귀포소방서,효돈,제주특별자치도 서귀포시 일주동로 8234 ,064-767-2119
994,제주소방본부,서부소방서_제주,한림,제주특별자치도 제주시 한림읍 한림중앙로 150,064-796-2119
995,제주소방본부,서부소방서_제주,애월,제주특별자치도 제주시 애월읍 일주서로 6513,064-799-3119
996,제주소방본부,서부소방서_제주,대정,제주특별자치도 서귀포시 대정읍 일주서로 2717,064-794-1119
997,제주소방본부,서부소방서_제주,한경,제주특별자치도 제주시 한경면 일주서로 4218,064-773-0119
998,제주소방본부,서부소방서_제주,안덕,제주특별자치도 서귀포시 안덕면 화순서서로 2,064-794-9119
999,제주소방본부,서부소방서_제주,영어교육도시,제주특별자치도 서귀포시 대정읍 에듀시티로 238,064-792-5119
1000,제주소방본부,동부소방서_제주,동부(제주)_성산,제주특별자치도 서귀포시 성산읍 일주동로 4120번길 7,064-782-0119
1001,제주소방본부,동부소방서_제주,구좌,제주특별자치도 제주시 구좌읍 세화14길 8,064-783-0119
1002,제주소방본부,동부소방서_제주,조천,제주특별자치도 제주시 조천읍 신북로 337 ,064-782-6119
1003,제주소방본부,동부소방서_제주,남원,제주특별자치도 서귀포시 남원읍 남원체육관로221번길 23 ,064-764-0119
1004,제주소방본부,동부소방서_제주,표선,제주특별자치도 서귀포시 표선면 표선관정로 39-16,064-787-0119
1005,창원소방본부,창원소방서,창원_신월,경남 창원시 의창구 상남로 165 신월119안전센터,055-211-9361
1006,창원소방본부,창원소방서,창원_외동,경남 창원시 성산구 창원대로 786 외동119안전센터,055-211-9381
1007,창원소방본부,창원소방서,소답,경남 창원시 의창구 의안로44번길 5 소답119안전센터,055-211-9421
1008,창원소방본부,창원소방서,봉곡,경남 창원시 의창구 지귀로 127 봉곡119안전센터,055-211-9391
1009,창원소방본부,창원소방서,차룡,경남 창원시 의창구 창원대로204번길 15 차룡119안전센터,055-211-9411
1010,창원소방본부,창원소방서,가음정,경남 창원시 성산구 대정로 39 가음정119안전센터,055-211-9371
1011,창원소방본부,창원소방서,대원,경남 창원시 의창구 두대로55번길 11 대원119안전센터,055-211-9401
1012,창원소방본부,창원소방서,동읍,경남 창원시 의창구 동읍 동읍로71번길 14-14 동읍119안전센터,055-211-9431
1013,창원소방본부,창원소방서,대산,경남 창원시 의창구 대산면 봉강가술로 583 대산119안전센터,055-211-9451
1014,창원소방본부,창원소방서,웅남,경남 창원시 성산구 봉양로 406 웅남119안전센터,055-211-9461
1015,창원소방본부,창원소방서,북면,경남 창원시 의창구 북면 천주로1150번길 15-22 북면119안전센터,055-211-9441
1016,창원소방본부,마산소방서,마산_중앙,경남 창원시 마산합포구 제2부두로 55 중앙119안전센터,055-249-9360
1017,창원소방본부,마산소방서,남성,경남 창원시 마산합포구 남성로 114 남성119안전센터,055-249-9380
1018,창원소방본부,마산소방서,삼진,경남 창원시 마산합포구 진동면 해양관광로 52 삼진119안전센터,055-249-9390
1019,창원소방본부,마산소방서,석전,경남 창원시 마산회원구 양덕옛1길 62 석전119안전센터,055-249-9400
1020,창원소방본부,마산소방서,양봉,경남 창원시 마산회원구 자유무역1길 22 양봉119안전센터,055-249-9410
1021,창원소방본부,마산소방서,마산_구암,경남 창원시 마산회원구 팔용로 260 구암119안전센터,055-249-9420
1022,창원소방본부,마산소방서,내서,경남 창원시 마산회원구 내서읍 중리공단로 104 내서119안전센터,055-249-9430
1023,창원소방본부,마산소방서,호계,경남 창원시 마산회원구 내서읍 호계본동3길 59-10 호계119안전센터,055-249-9440
1024,창원소방본부,진해소방서(본부),대흥,경남 창원시 진해구 백구로 72 대흥119안전센터,055-548-9361
1025,창원소방본부,진해소방서(본부),진해(본부)_이동,경남 창원시 진해구 충장로 434 이동119안전센터,055-548-9371
1026,창원소방본부,진해소방서(본부),웅동,경남 창원시 진해구 남의로 11 웅동119안전센터,055-548-9381
1027,창원소방본부,진해소방서(본부),용원,경남 창원시 진해구 용원로 43 용원119안전센터,055-548-9391
